country,port,code,latlong,telephone,web
Argentina,Mar del Plata,AR MDQ,38° 0' S / 57° 32' W,[54] 11 5 236-7013,www.niverlines.com
Argentina,Necochea,AR NEC,38° 31' S / 58° 46' W,[54] (226) 245-0006,www.puertoquequen.com
Argentina,Puerto Madryn,AR PMY,42° 46' S / 57° 53' W,[54] (296) 545-1400,www.appm.com.ar
Argentina,Rio Gallegos,AR RGL,51° 37' S / 68° 58' W,[54] (296) 642-2352,n/a
Argentina,Rosario,AR ROS,32° 57' S / 60° 33' W,[54] (341) 448-7105,www.enapro.com.ar
Argentina,Santa Fe,AR SFN,31° 39' S / 60° 42' W,[54] (342) 455-8392,www.puertosfe.com
Argentina,Ushuaia,AR USH,54° 49' S / 68° 18' W,[54] (29) 143-5200,www.puertoushuaia.com.ar
Aruba,Oranjestad,AW ORJ,12° 31' N / 70° 2' W,[297] 582-6633,www.arubaports.com
Ascension Island,Georgetown,SH ASI,7° 56' S / 14° 25' W,[247] 7000,www.ascension-island.gov.ac
Australia,Adelaide,AU PAE,34° 51' S / 138° 30' E,[61] 8 8248 9300,www.flindersports.com.au/portfacilities2.html
Australia,Brisbane,AU BNE,27° 27' S / 153° 4' E,[61] (7) 3258-4888,www.portbris.com.au
Australia,Cairns,AU CNS,16° 56' S / 145° 47' E,[61] (7) 4052-3888,www.cairnsport.com.au
Australia,Darwin,AU DRW,12° 28' S / 130° 50' E,[61] (8) 8922 0660,www.darwinport.nt.gov.au
Australia,Devonport,AU DPO,41° 11' S / 146° 22' E,[61] (3) 0036-6742,www.tasports.com.au/port_services/devonport_info.html
Australia,Fremantle,AU FRE,32° 3' S / 115° 44' E,[61] (8) 9430-3555,www.fremantleports.com.au
Australia,Geelong,AU GEX,38° 9' S / 144° 22' E,[61] (3) 5226-6220,www.geelongport.com.au
Australia,Hobart,AU HBA,42° 53' S / 147° 20' E,[61] (3) 0036-6742,www.tasports.com.au
Australia,Mackay,AU MKY,21° 6' S / 149° 14' E,[61] (7) 4969-0700,www.mackayports.com
Australia,Melbourne,AU MEL,37° 50' S / 144° 58' E,[61] 1300 857 662,www.portofmelbourne.com
Australia,Sydney,AU SYD,33° 55' S / 151° 12' E,[61] (2)9296-4999,www.sydneyports.com.au
Australia,Townsville,AU TSV,19° 15' S / 146° 50' E,[61] (7) 4781-1500,www.townsville-port.com.au
Azerbaijan,Baku,AZ BAK,40° 20' N / 49° 51' E,(99412) - 493 02 68,www.bakuseaport.az
Bahamas,Freeport,BS FPO,25° 00' N / 78° 46' W,[1] (2242) 350-9051,http://gbpa.com
Bahamas,Nassau,BS NAS,25° 5' N / 77° 20' W,[1] (809) 322-8832,n/a
Bahrain,Mina Salman,BH MIN,26° 12' N / 50° 37' E,[973] 1775 7744,n/a
Bahrain,Sitra,BH SIT,26° 9' N / 50° 40' E,[973] 1775-7744,n/a
Bangladesh,Chittagong,BD CGP,22° 19' N / 91° 48' E,[880] (31) 252-2200,www.cpa.gov.bd
Bangladesh,Mongla,BD MGL,22° 29' N / 89° 35' E,[880] (46) 627-5200,http://ports.com/bangladesh/port-of-mongla
Barbados,Bridgetown,BB BGI,13° 6' N / 59° 38' W,[1] (246) 430-4700,www.barbadosport.com
Belgium,Antwerp,BE ANR,51° 14' N / 4° 23' E,[32] (3) 205-2011,www.portofantwerp.be
Belgium,Brussels (Bruxelles),BE BRU,50° 52' N / 4° 21' E,[32] (2) 420-6700,www.portdebruxelles.irisnet.be
Belgium,Ghent,BE GNE,51° 2' N / 3° 44' E,[32] (9) 251-0550,www.portofghent.be
Belgium,Liege,BE LGG,50° 40' N / 5° 34' E,[32] (4) 232-9797,www.portdeliege.be
Belgium,Zeebrugge,BE ZEE,51° 20' N / 3° 13' E,[32] (50) 543-211,www.zeebruggeport.be
Belize,Belize City,BZ BZE,17° 29' N / 88° 11' W,[501] 227-2480,n/a
Benin,Cotonou,BJ COO,6° 20' N / 2° 32' E,[229] 2131-2890,www.portdecotonou.com
Bermuda,Hamilton,BM BDA,32° 17' N / 64° 47' W,[1] (441) 292-1234,n/a
Bermuda,St Georges,BM SGE,32° 22' N / 64° 42' W,[1] (441) 295-6575,n/a
Brazil,Belem,BR BEL,1° 28' S / 48° 29' W,[55] (91) 3182- 9012,www.cdp.com.br
Brazil,Fortaleza,BR FOR,3° 41' S / 38° 33' W,[55] (85) 3266-8800,www.docasdoceara.com.br
Brazil,Imbituba,BR IBB,28° 13' S / 48° 38' W,[55] (48) 3255-0080,www.cdiport.com.br
Brazil,Manaus,BR MAO,3° 8' S / 60° 0' W,[55] (92) 2123 4350,www.portodemanaus.com.br
Brazil,Paranagua,BR PNG,25° 30' S / 48° 30' W,[55] (41) 3420-1100,www.portosdoparana.pr.gov.br
Brazil,Porto Alegre,BR POA,30° 5' S / 51° 15' W,[55] (51) 3211-5022,n/a
Brazil,Recife,BR REC,8° 4' S / 34° 52' W,[55] (81) 3183.1900,www.portodorecife.pe.gov.br
Brazil,Rio De Janeiro,BR RIO,22° 54' S / 43° 12' W,[55] (21) 2219-9542,www.portosrio.gov.br
Brazil,Rio Grande,BR RIG,32° 3' S / 52° 5' W,[55] (53) 3231-1366,www.portoriogrande.com.br
Brazil,Salvador,BR SSA,13° 1' S / 38° 35' W,[55] (71) 3320-1285,www.codeba.com.br
Brazil,Santos,BR SSZ,23° 56' S / 46° 19' W,[55] (13) 3202-6565,www.portodesantos.com.br
Brazil,Vitoria,BR VIX,20° 19' S / 40° 17' W,[55] (27) 3132-7314,www.portodevitoria.com.br
Brunei Darussalam,Kuala Belait,BN KUB,4° 38' N / 114° 12' E,[673] 333-5298,n/a
Brunei Darussalam,Muara,BN MUA,5° 1' N / 115° 4' E,[673] 277-0222,www.ports.gov.bn
Bulgaria,Varna,BG VAR,43° 12' N / 27° 57' E,[359] (52) 692-232,www.port-varna.bg
Cambodia,Kompongsom (also known as:),KH KOS,10° 38' N / 103° 30' E,[855] (15) 913-499,n/a
Cambodia,Phnom Penh,KH PNH,11° 35' N / 104° 55' E,[855] 23 427 802,www.ppap.com.kh
Cameroon,Douala,CM DLA,4° 3' N / 9° 42' E,[237] 33428836,www.otal.com/cameroon/index.htm
Cameroon,Kribi,CM KBI,2° 56' N / 9° 56' E,[237] 342-0133,n/a
Cameroon,Tiko,CM TKC,4° 4' N / 9° 24' E,[237] 342-0133,n/a
Canada,Alberni,CM PAB,"49° 14' 0"" N / 124° 48' 0"" W",(250) 723 5312,http://portalberniportauthority.ca
Canada,Becancour,CA BEC,46° 24' N / 72° 23' W,[1] (819) 294-6656,www.spipb.com
Canada,Churchill,CA CHV,58° 47' N / 94° 12' W,[1] (204) 947-0033,www.portofchurchill.ca
Canada,Fraser River Port (Port of New Westminster),CA NWE,49° 21' N / 122° 54' E,n/a,www.portmetrovancouver.com
Canada,Halifax,CA HAL,44° 39' N / 63° 34' W,[1] (902) 426-8222,www.portofhalifax.ca
Canada,Hamilton,CA HAM,43° 17' N / 79° 50' W,[1] (905) 525-4330,www.hamiltonport.ca
Canada,Halifax,CA HAL,44° 39' N / 63° 34' W,[1] (902) 426-8222,www.portofhalifax.ca
Canada,Montreal,CA MTR,45° 30' N / 73° 35' W,[1] (514) 283-7011,www.port-montreal.com
Canada,Nanaimo,CA NNO,"49° 10' 10"" N / 123° 55' 55"" W",[1] (250) 753-4146,www.npa.ca
Canada,Saguenay,n/a,"48° 24' 3"" N / 70° 49' 57"" W",[1] (418) 697-0250,www.portsaguenay.ca
Canada,Sept Iles (Seven Islands),CA SEI,50° 11' N / 66° 23' W,[1] (418) 968-1231,www.portsi.com
Canada,St Johns,CA SJF,47° 34' N / 52° 42' W,[1] (709) 738-4782,www.sjpa.com
Canada,Sydney,CA SYD,46° 9' N / 60° 12' W,[1] (902) 564-0800,www.portofsydney.ca
Canada,Thunder Bay,CA THU,48° 25' N / 89° 13' W,[1] (807) 345-6400,www.portofthunderbay.ca
Canada,Toronto,CA TOR,43° 38' N / 79° 23' W,[1] (416) 462-0263,www.torontoport.com
Canada,Trois-Rivieres,CA TRR,46° 22' N / 72° 34' W,[1] (819) 378-2887,www.porttr.com
Canada,Vancouver,CA VAN,49° 17' N / 123° 7' W,[1] (604) 665-9000,www.portmetrovancouver.com
Canada,Windsor,CA WND,42° 19' N / 83° 4' W,[1] (519) 258-5741,www.portwindsor.com
Canary Islands,Las Palmas,ES LPA,28° 5' N / 15° 27' W,[34] (928) 612.211,www.palmasport.es
Canary Islands,Santa Cruz de Tenerife,ES SCT,28° 28' N / 16° 14' W,[34] (922) 605-426,www.puertosdetenerife.org/
Cape Verde,Porto Grande,CV PGR,16° 53' N / 25° 0' W,[238] 230-7500,www.enapor.cv
Cayman Islands,"Georgetown, Grand Cayman",KY GEC,19° 18' N / 81° 23' W,[1] (345) 949-2055,www.caymanport.com
Chile,Antofagasta,CL ANF,23° 39' S / 70° 25' W,[56] (55) 563-756,www.puertoantofagasta.cl
Chile,Arica,CL ARI,18° 28' S / 70° 20' W,[56] (58) 202-080,www.puertoarica.cl
Chile,Chanaral,CL CNR,26° 21' S / 70° 38' W,n/a,www.directemar.cl
Chile,Iquique,CL IQQ,20° 12' S / 70° 9' W,[56] (57) 400-100,www.epi.cl
Chile,Puerto Montt,CL PMC,41° 28' S / 72° 57' W,[56] (65)36-4507,www.empormontt.cl/
Chile,Punta Arenas,CL PUQ,53° 10' S / 70° 54' W,[56] (61) 711-200,www.epa.co.cl
Chile,San Antonio,CL SAI,33° 35' S / 71° 37' W,[56] (35) 586-000,www.saiport.cl
Chile,San Vicente,CL SVE,36° 44' S / 73° 9' W,[56] (41) 279-7600,www.worldportsource.com/ports/CHL_Port_of_San_Vicente_1742.php
Chile,Talcahuano,CL TAL,36° 41' S / 73° 6' W,n/a,n/a
Chile,Valparaiso,CL VAP,33° 2' S / 71° 38' W,[56] (32) 244-8800,www.portvalparaiso.cl
China,Dalian,CN DLC,38° 55' N / 121° 40' E,[86] (400) 668-5666,www.portdalian.com.cn
China,Fuzhou,CN FOC,26° 3' N / 119° 18' E,[86] (591) 8377-2133,www.fjgh.gov.cn
China,Guangzhou,CN CAN,23° 6' N / 113° 14' E,[86] (20) 8305-0922,www.gzport.com
China,Haikou,CN HAK,20° 1' N / 110° 16' E,n/a,www.infomarine.gr/china/haikou
China,Lianyungang,CN LYG,34° 44' N / 119° 27' E,[86] (518) 8238-2204,www.lygport.com.cn
China,Nantong,CN NTG,32° 0' N / 120° 48' E,[86] (513) 351-3068,www.ntport.com.cn
China,Ningbo,CN NGB,29° 52' N / 121° 31' E,n/a,www.nbport.com.cn
China,Qingdao,CN TAO,36° 3' N / 120° 20' E,n/a8,www.qdport.com
China,Qinhuangdao,CN SHP,40° 0' N / 119° 30' E,[86] (335) 341-5467,n/a
China,Shanghai,CN SHA,31° 14' N / 121° 28' E,[86] (21) 5533-3388,www.portshanghai.com.cn
China,Shantou,CN SWA,23° 20' N / 116° 45' E,n/a,www.infomarine.gr/china/shantou
China,Tianjin,CN TSN,39° 6' N / 117° 10' E,[86] (22) 2570-7070,www.ptacn.com
China,Xiamen,CN XMN,24° 27' N / 118° 2' E,[86] (592) 220-1652,www.portxiamen.com.cn
China,Zhanjiang,CN ZHA,21° 11' N / 110° 24' E,[86] (759) 204-1418,www.zjport.com
Colombia,Barranquilla,CO BAQ,10° 58' N / 74° 47' W,[57] (5) 371-6200,www.sprb.com.co
Colombia,Buenaventura,CO BUN,3° 53' N / 77° 5' W,[57] (224) 241-0700,www.sprbun.com
Colombia,Cartagena,CO CTG,10° 26' N / 75° 33' W,[57] (5) 660-7781,www.puertocartagena.com
Colombia,Puerto Bolivar,CO PBO,12° 16' N / 71° 58' W,[57] (1) 287-7960,n/a
Colombia,Tumaco,CO TCO,1° 49' N / 78° 45' W,n/a,n/a
Colombia,Turbo,CO TRB,8° 0' N / 76° 50' W,n/a,n/a
Comoros,Moroni,KM YVA,11° 42' S / 43° 44' E,[269] 730-008,n/a
Comoros,Mutsamudu,KM MUT,12° 10' S / 44° 24' E,[269] 710-143,n/a
Congo,Pointe Noire,CG PNR,4° 47' S / 11° 49' E,[242] 775-0903,www.otal.com/congo
"Congo, Dem.",Banana,ZR BNW,6° 1' S / 12° 25' E,[243] (1) 522-4761,n/a
"Congo, Dem. Republic of",Boma,ZR BOA,5° 51' S / 13° 3' E,[243] (1) 520-287 (portagent),n/a
Costa Rica,Caldera,CR CAL,9° 54' N / 84° 43' W,[506] 634-4169,www.worldportsource.com/ports/CRI_Puerto_de_Caldera_1462.php
Costa Rica,Golfito,CR GLF,8° 37' N / 83° 10' W,[506] 775-0097,n/a
Costa Rica,Puntarenas,CR PAS,9° 58' N / 84° 50' W,[506] 634-4169,n/a
Costa Rica,Quepos,CR XQP,9° 25' N / 84° 10' W,[506] 634-4169,n/a
Country,Port,CODE,Lat/Long,Telephone,Web
Croatia,Rijeka Bakar,HR RJK,45° 19' N / 14° 26' E,[385] (51) 351-111,www.portauthority.hr/english/rijeka/port_rijeka_authority.shtml
Croatia,Zadar,HR ZAD,44° 7' N / 15° 14' E,[385] (23) 314-520,www.portauthority.hr/zadar.html
Croatia,Dubrovnik,HR DBV,42° 39' N / 18° 5' E,[385] (21) 418-511,www.portauthority.hr/dubrovni.html
Croatia,Omisalj,HR OMI,45° 12' N / 14° 33' E,[385] (51) 206-200,http://ports.com/croatia/port-of-omisalj
Croatia,Ploce,HR PLE,43° 3' N / 17° 26' E,[385] (20) 414-530,www.port-authority-ploce.hr
Croatia,Pula,HR PUY,44° 51' N / 13° 51' E,[385] (52) 383-160,http://ports.com/croatia/port-of-pula
Croatia,Sibenik,HR SIB,43° 44' N / 15° 53' E,[385] (22) 218-001,www.portauthority-sibenik.hr/en
Croatia,Split,HR SPU,43° 31' N / 16° 26' E,[385] (21) 362-501,www.portauthority.hr/split.html
Cuba,Havana,CU HAV,23° 9' N / 82° 21' W,[53] (7) 814-505,n/a
Cuba,Manzanillo,CU MZO,20° 20' N / 77° 12' W,[53] (23) 52-123,n/a
Cuba,Matanzas,CU QMA,23° 3' N / 81° 34' W,[53] (7) 814-505,n/a
Cuba,Nuevitas,CU NVT,21° 33' N / 77° 16' W,[53] (7) 814-505,n/a
Cuba,Santiago de Cuba,CU SCU,19° 50' N / 75° 52' W,[53] (22) 653-073,n/a
Cyprus,Akrotiri,CY AKT,34° 34' N / 33° 2' E,[357] 2281-7200,www.cpa.gov.cy
Cyprus,Famagusta,CY FMG,35° 7' N / 33° 57' E,[90] (392) 365-4388,n/a
Cyprus,Larnaca,CY LAT,35° 3' N / 32° 24' E,[357] 2281-7200,www.cpa.gov.cy
Cyprus,Limassol,CY LMS,34° 39' N / 33° 1' E,[357] 2281-7200,www.cpa.gov.cy
Cyprus,Paphos,CY PFO,34° 45' N / 32° 24' E,[357] 2281-7200,www.cpa.gov.cy
Cyprus,Vassiliko,CY VAS,34° 43' N / 33° 19' E,[357] 2281-7200,www.cpa.gov.cy
Côte d'Ivoire,Abidjan,CI ABJ,5° 18' N / 4° 0' W,n/a,www.paa-ci.org
Denmark,Aarhus,DK AAR,56° 10' N / 10° 13' E,[45] 8613-3266,www.aarhushavn.dk
Denmark,Esbjerg,DK EBJ,55° 28' N / 8° 26' E,[45] 7512-4144,www.portesbjerg.dk
Denmark,Fredericia,DK FRC,55° 33' N / 9° 45' E,[45] 7921-5000,www.adp-as.dk
Denmark,Frederikshavn,DK FDH,57° 28' N / 10° 33' E,[45] 9620-4700,www.frederikshavnhavn.dk/en
Denmark,Grenaa,DK GRE,56° 25' N / 10° 56' E,[45] 8758-7600,www.port-of-grenaa.com
Denmark,Odense,DK ODE,55° 25' N / 10° 23' E,[45] 6612-0792,www.odensehavn.dk
Denmark,Ronne,DK RNN,55° 5' N / 14° 41' E,[45] 5695-0678,www.roennehavn.dk
Djibouti,Djibouti,DJ JIB,11° 36' N / 43° 8' E,[243] 352-331,n/a
Dominica,Portsmouth,DM POR,15° 34' N / 61° 28' W,[1] (767) 448-4431,n/a
Dominica,Roseau,DM RSU,15° 17' N / 61° 24' W,[1] (767) 448-4431,n/a
Dominican Republic,Barahona,DO BRX,18° 12' N / 71° 4' W,[1] (809) 538-2283,n/a
Dominican Republic,La Romana,DO LRM,18° 27' N / 69° 1' W,[1] (809) 538-2283,n/a
Dominican Republic,Puerto Plata,DO POP,19° 49' N / 70° 42' W,[1] (809) 538-2283,n/a
Dominican Republic,Rio Haina,DO HAI,18° 25' N / 70° 0' W,[1] (809) 538-2283,n/a
Dominican Republic,San Pedro de Macoris,DO SPM,18° 26' N / 69° 18' W,[1] (809) 538-2283,n/a
Dominican Republic,Santo Domingo,DO SDQ,18° 28' N / 18° 28' N,[1] (809) 538-2283,n/a
Ecuador,Esmeraldas,EC ESM,1° 0' N / 79° 38' W,[593] (6) 272-1355,www.puertodeesmeraldas.com
Ecuador,Guayaquil,EC GYE,2° 16' S / 79° 54' W,[593] (6) 272-1934,www.apg.com.ec
Ecuador,La Libertad,EC LLD,2° 12' S / 80° 55' W,[593] (4) 278-4363,n/a
Ecuador,Manta,EC MEC,0° 55' S / 80° 43' W,[593] (5) 262-7161,www.apmanta.gov.ec
Ecuador,Puerto Bolivar,EC PBO,3° 15' S / 80° 1' W,[593] (7) 292--9999,www.worldportsource.com/ports/ECU_Port_of_Puerto_Bol_var_95.php
Ecuador,San Lorenzo,EC SLR,1° 10' S / 78° 50' W,n/a,n/a
Egypt,Alexandria,EG EDK,31° 8' N / 29° 49' E,[20] (3) 483-1640,www.imsalex.com/alexport.html
Egypt,Damietta,EG DAM,31° 28' N / 31° 45' E,[20] (57) 325-940,www.worldportsource.com/ports/EGY_Port_of_Damietta_670.php
Egypt,Port Said,EG PSD,31° 16' N / 32° 19' E,[20] (66) 325-4960,www.scctportsaid.com
Egypt,Suez (Al Suweis),EG,29° 58' N / 32° 33' E,[20] (62) 910-000,n/a
El Salvador,Acajutla,SV AQJ,13° 35' N / 89° 50' W,[503] 2452-3200,www.puertoacajutla.gob.sv
El Salvador,Cutuco,SV CUT,13° 28' N / 89° 49' W,[503] 664-4222,n/a
Equatorial Guinea,Bata,GQ BSG,1° 52' N / 9° 46' E,[240] 27-752,n/a
Equatorial Guinea,Ceiba Marine Terminal,n/a,1° 25' N / 9° 14' E,[1] (713) 609-4755,n/a
Equatorial Guinea,Malabo (Rey Malabo),GQ SSG,3° 46' N / 8° 47' E,[291] (9) 3564,n/a
Estonia,Pärnu,EE PYA,58° 23' N / 24° 29' E,[372] 447-1700,www.transcom.ee/parnusadam_eng.html
Estonia,Tallinn,EE TLL,59° 27' N / 24° 46' E,[372] 631-8555,www.portoftallinn.com
Faroe Islands,Klaksvik,FO KVI,62° 14' N / 6° 35' W,[298] 450-581,www.klhavn.fo
Faroe Islands,Torshavn,FO THO,62° 0' N / 6° 46' W,[298] 311-762,www.portoftorshavn.com
Fiji,Labasa (Lambasa),FJ LBS,16° 26' S / 179° 14' E,[679] 331-2700,www.fijiports.com.fj
Fiji,Lautoka,FJ LTK,17° 36' S / 177° 26' E,[679] 331-2700,www.fijiports.com.fj
Fiji,Levuka,FJ LEV,17° 41' S / 178° 51' E,[679] 331-2700,www.fijiports.com.fj
Fiji,Savu Savu,FJ SVU,16° 49' S / 179° 18' E,[679] 331-2700,www.fijiports.com.fj
Fiji,Suva,FJ SUV,18° 8' S / 178° 26' E,[679] 331-2700,www.fijiports.com.fj
Finland,Hamina,FI HMN,60° 34' N / 27° 11' E,[358] (5) 225-5400,www.portofhamina.fi
Finland,Helsinki,FI HEL,60° 10' N / 24° 57' E,[358] (9) 310-1621,www.portofhelsinki.fi
Finland,Kokkola,FI KOK,63° 50' N / 23° 8' E,[358] (6) 824-2400,www.port.of.kokkola.fi
Finland,Kotka,FI KTK,60° 28' N / 26° 57' E,[358] (20) 790-8800,www.portofkotka.fi
Finland,Loviisa,FI LOV,60° 24' N / 26° 16' E,[358] (440) 555-731,www.loviisa.fi/en/services/portofloviisa
Finland,Oulu,FI OUL,65° 0' N / 25° 25' E,[358] (44) 703-2753,www.ouluport.com
Finland,Pori,FI POR,61° 36' N / 21° 29' E,[358] (44) 701-9065,www.pori.fi/port
Finland,Rauma,FI RAU,61° 8' N / 21° 30' E,[358] (2) 834-4712,www.portofrauma.com
Finland,Turku,FI TKU,60° 27' N / 22° 15' E,[358] (2) 267-4111,www.port.turku.fi
Finland,Uusikaupunki,FI UKI,60° 48' N / 21° 24' E,[358] (2) 8451-5299,www.portofuki.fi
Finland,Vaasa,FI VAA,60° 06' N / 21° 36' E,[358] (6) 325-1111,www.vaasa.fi/port/
France,Bordeaux,FR BOD,44° 50' N / 0° 34' W,[33] 556-905-905,www.bordeaux-port.fr
France,Boulogne Sur Mer,FR BOL,50° 45' N / 1° 34' E,[33] 321-996-200,www.boulogne-sur-mer.cci.fr
France,Cherbourg,FR CER,49° 38' N / 1° 38' W,[33] 233-236-450,www.port-cherbourg.com
France,Dunkerque,FR DKK,51° 3' N / 2° 22' E,[33] 328-287-878,www.portdedunkerque.fr
France,La Rochelle-Pallice,FR LPE,46° 9' N / 1° 10' W,[33] 546-005-360,www.larochelle.port.fr
France,Le Havre,FR LEH,49° 30' N / 0° 7' W,[33] 232-747-400,www.havre-port.net
France,Marseille,FR MRS,43° 19' N / 5° 22' E,[33] 491-394-000,www.marseille-port.fr
France,Nantes-St. Nazaire,FR NTE,47° 14' N / 1° 34' W,[33] 240-442-020,www.nantes.port.fr
France,Paris,FR PAR,48° 57' N / 2° 16' E,[33] 140-582-999,www.paris-ports.fr
France,Rouen,FR URO,49° 28' N / 1° 4' E,[33] 235-525-400,www.rouen.port.fr
France,St Malo,FR SML,48° 39' N / 2° 1' W,[33] 299-205-100,www.saint-malo.cci.fr
France,Strasbourg,FR SXB,48° 34' N / 7° 42' E,[33] 338-235-657,www.strasbourg.port.fr
France,Toulon,FR TLN,43° 7' N / 5° 55' E,[33] 494-032-760,www.var.equipement.gouv.fr
French Guiana,Cayenne,GF CAY,4° 56' N / 52° 20' W,[594] 594-299-660,n/a
French Polynesia,Papeete,PF PPT,17° 33' S / 149° 34' W,[689] 474-800,www.portdepapeete.pf
Gabon,Cap Lopez,GA CLZ,0° 38' S / 8° 42' E,[241] 552-190,n/a
Gabon,Libreville,GA LBV,0° 17' N / 9° 30' E,[241] 703-735,n/a
Gabon,Owendo,GA OWE,0° 17' N / 9° 30' E,[241] 701-798,n/a
Gabon,Port Gentil,GA POG,0° 43' S / 8° 48' E,[241] 552-190,www.otal.com/gabon/gabon.htm#luanda
Gambia,Banjul,GM BJL,13° 27' N / 16° 34' W,[220] 422-7266,n/a
Georgia,Batumi,GE BUS,41° 39' N / 41° 38' E,[995] (222) 76-261,www.batumiport.com
Georgia,Poti,GE PTI,42° 9' N / 41° 40' E,[995] (393) 20-660,www.potiseaport.com
Georgia,Sukhumi,GE SUI,43° 1' N / 40° 58' E,[995] (8) 122-23-400,n/a
Germany,Brake,DE BKE,53° 20' N / 8° 29' E,[49] (441) 9250,www.brake-port.de
Germany,Bremen,DE BRE,53° 7' N / 8° 45' E,[49] (421) 361-8387,www.bremen-ports.de
Germany,Bremerhaven,DE BRV,53° 33' N / 8° 35' E,[49] (471) 5961-3416,n/a
Germany,Duisburg,DE DUI,51° 27' N / 6° 43' E,[49] (203) 803-0,www.duisport.de
Germany,Dusseldorf,DE DUS,51° 13' N / 6° 47' E,[49] (2131) 53 23-0,www.nd-haefen.de
Germany,Emden,DE EME,53° 21' N / 7° 12' E,[49] (4921) 897-118,www.emden-port.de
Germany,Hamburg,DE HAM,53° 33' N / 9° 59' E,[49] (40) 37709 0,www.hafen-hamburg.de
Germany,Karlsruhe,DE KAE,49° 3' N / 8° 20' E,[49] (721) 599-7400,www.rheinhafen.de
Germany,Kiel,DE KEL,54° 19' N / 10° 10' E,[49] (431) 98-220,www.port-of-kiel.de
Germany,Lubeck,DE LBC,53° 52' N / 10° 41' E,[49] (451)122-5912,www.luebeck.de
Germany,Mannheim,DE MHG,49° 32' N / 8° 30' E,[49] (621) 292-2166,n/a
Germany,Rostock,DE RSK,54° 9' N / 12° 8' E,[49] (381) 381-8710,www.rostock.de/hafenamt
Germany,Wilhelmshavn,DE WVN,53° 32' N / 8° 8' E,[49] (4421) 4800-0,www.wilhelmshaven-port.de
Ghana,Takoradi,GH TKD,4° 53' N / 1° 45' W,[233] (31) 32-254,www.ghanaports.gov.gh
Ghana,Tema,GH TEM,5° 38' N / 0° 1' E,[233] (22) 202-758,www.ghanaports.gov.gh
Gibraltar,Gibraltar,GI GIB,36° 8' N / 5° 21' W,[350] 200 46254,www.gibraltarport.com
Greece,Eleusis,GR EEU,38° 2' N / 23° 33' E,[30] 210-554-3504,n/a
Greece,Iraklion (Heraklion),GR HER,35° 16' N / 25° 9' E,[30] 2810-338110,www.portheraklion.gr
Greece,Kavala,GR KVA,40° 55' N / 24° 25' E,[30] 251-022-4967,n/a
Greece,Patras,GR GPA,38° 15' N / 21° 45' E,[30] 261-362-648,www.patrasport.gr
Greece,Piraeus,GR PIR,37° 57' N / 23° 38' E,[30] 210-455-0000,www.olp.gr
Greece,Thessaloniki,GR SKG,40° 38' N / 22° 56' E,[30] 231-059-3121,www.thpa.gr
Greece,Volos,GR VOL,39° 22' N / 22° 57' E,[30] 24210 - 32545,www.port-volos.gr
Greenland,Holsteinsborg (Sisimiut),GL JHS,66° 56' N / 53° 40' W,[299] 865-933,n/a
Greenland,Nanortalik,GL JNN,60° 8' N / 45° 14' W,[299] 613-433,n/a
Greenland,Narsarsuaq,GL UAK,61° 9' N / 45° 25' W,[299] 665-266,n/a
Greenland,Nuuk (Godthaab),GL GOH,64° 10' N / 51° 44' W,[299] 349-100,n/a
Guadeloupe,Gustavia,GP GUS,17° 54' N / 62° 51' W,[590] 276-697,n/a
Guadeloupe,Pointe-a-Pitre,GP PTP,16° 14' N / 61° 32' W,[590] 590-213-900,n/a
Guam,Apra (Agana),GU APR,13° 27' N / 144° 37' E,[1] (671) 477-5931,www.portguam.com
Guatemala,Champerico,GT CHR,14° 18' N / 91° 55' W,[502] 7773-7255,n/a
Guatemala,Puerto Barrios,GT PBR,15° 43' N / 88° 37' W,[502] 920-1500,www.worldportsource.com/ports/GTM_Puerto_Barrios_1612.php
Guatemala,Santo Tomas De Castilla,GT STC,15° 42' N / 88° 37' W,[502] 2419-4800,www.cpn.gob.gt
Guinea,Conakry,GN CKY,9° 31' N / 13° 43' W,[224] 6340-7428,www.otal.com/guinea/
Guinea,Port Kamsar,GN KMR,10° 39' N / 14° 37' W,[224] 163-2177,n/a
Guinea-Bissau,Bissau,GW BXO,11° 51' N / 15° 35' W,n/a,n/a
Guyana,Georgetown,GY GEO,6° 49' N / 58° 10' W,[592] 225-7330,n/a
Guyana,New Amsterdam,GY QSK,6° 14' N / 57° 31' W,[592] 226-7842,n/a
Haiti,Port Au Prince,HT PAP,18° 33' N / 72° 21' W,[509] 510-7469,n/a
Honduras,La Ceiba,HN LCE,15° 46' N / 86° 50' W,[504] 441-9445,www.enp.hn
Honduras,Puerto Castilla,HN PCA,16° 1' N / 86° 3' W,[504] 434-4902,www.enp.hn
Honduras,Puerto Cortes,HN PCR,15° 51' N / 87° 56' W,[504] 665-0192,www.enp.hn
Honduras,San Lorenzo,HN SLO,13° 24' N / 87° 25' W,[504] 881-2145,n/a
Honduras,Tela,HN TEA,15° 47' N / 87° 27' W,[504] 448-2187,n/a
Hong Kong,Hong Kong,HK HKG,22° 18' N / 114° 10' E,[852] 2542 3711,www.info.gov.hk/mardep
Iceland,Akureyri,IS AKU,65° 41' N / 18° 3' W,[354] 460-4200,www.port.is
Iceland,Hafnarfjordur (Straumsvik),IS HAF,64° 4' N / 21° 58' W,[354] 414-2300,www.portofhafnarfjordur.is
Iceland,Isafjordur,IS ISA,66° 5' N / 23° 6' W,[354] 450-8000,www.isafjordur.is
Iceland,Keflavik,IS KEV,64° 0' N / 22° 33' W,[354] 421-4575,www.randburg.com/is/portkefl
Iceland,Reykjavik,IS REY,64° 8' N / 21° 56' W,[354] 525-8900,www.faxaports.is
Iceland,Vestmannaeyjar,IS VES,63° 26' N / 20° 16' W,[354] 481-1315,n/a
India,Bombay (Mumbai),IN BOM,18° 59' N / 72° 49' E,[354] 2261-4345,http://mumbaiport.gov.in
India,Calcutta (Kolkata),IN CCU,22° 32' N / 88° 22' E,[91] (33) 2230-3451,www.kolkataporttrust.gov.in
India,Chennai (Madras),IN MAA,13° 6' N / 80° 16' E,[91] (44) 2536-2201,www.chennaiport.gov.in
India,Cochin,IN COK,9° 58' N / 76° 15' E,[91] (484) 266-6610,www.cochinport.com
India,Kandla,IN IXY,23° 0' N / 70° 12' E,[91] (2836) 238-055,www.kandlaport.gov.in
India,Nhava Sheva (Jawaharlal Nehru),IN NSA,18° 57' N / 72° 58' E,[91] (22) 2724-2290,www.jnport.com
India,Tuticorin,IN TUT,8° 45' N / 78° 10' E,[91] (461) 235-2290,www.tuticorinport.gov.in
India,Vishakhapatnam,IN VTZ,17° 41' N / 83° 18' E,[91] (891) 256-4841,www.vizagport.com
Indonesia,"Cilacap, Java(Tanjung Intan)",ID CXP,8° 44' S / 109° 0' E,[62] (282) 21-710,http://ports.com/indonesia/port-of-cilacap
Indonesia,"Cirebon, Java",ID CBN,6° 41' S / 108° 33' E,[62] (234) 535-333,www.priokport.co.id
Indonesia,"Jakarta, Java (Tanjung Priok)",ID TPP,6° 6' S / 106° 52' E,[62] (21) 436-7505,www.priokport.co.id
Indonesia,"Kupang, Timor",ID KOE,10° 10' S / 123° 34' E,[62] (391) 21790,n/a
Indonesia,"Palembang, Sumatra",ID PLM,2° 59' S / 104° 45' E,[62] (711) 710-611,http://ports.com/indonesia/port-of-palembang
Indonesia,"Semarang, Java (Tanjung Emas)",ID SRG,6° 53' S / 110° 24' E,[62] (24) 545-341,n/a
Indonesia,"Surabaya, Java (Tanjung Perak)",ID SUB,7° 13' S / 112° 44' E,[62] (31) 328-3265,www.tps.co.id
Indonesia,"Ujung Pandang, Sulawesi (Makassar)",ID UPG,5° 8' S / 119° 24' E,[62] (411) 6999,n/a
Iran,Abadan,IR ABD,30° 20' N / 48° 20' E,[98] (631) 29223,n/a
Iran,Bandar Abbas,IR BND,27° 11' N / 56° 17' E,[98] (218) 809-290,http://bikport.pmo.ir
Iran,Bandar Anzali,IR BAZ,37° 28' N / 49° 28' E,[98] (181) 322-4505,n/a
Iran,Bandar Mahshahr,IR MRX,30° 27' N / 49° 20' E,[98] )21_ 6615-2995,n/a
Iran,Bushehr,IR BUZ,28° 59' N / 50° 50' E,[98] (218) 809-290,http://bushehrport.pmo.ir
Iran,Imam Khomeini,IR BKM,30° 25' N / 40° 4' E,[98] (218) 809-290,http://bikport.pmo.ir
Iran,Khorramshahr,IR KHO,30° 26' N / 48° 11' E,[98] (218) 809-290,http://khorramshahrport.pmo.ir
Iran,Lavan,IR LVP,26° 47' N / 53° 20' E,[98] (21) 6615-2654,n/a
Iran,Sirri Island,IR SXI,25° 54' N / 54° 33' E,[98] (21) 8871-4102,n/a
Iraq,Basra,IQ BSR,30° 33' N / 47° 47' E,n/a,http://scp.gov.iq/english
Iraq,Khor al Zubair,IQ KAZ,30° 11' N / 47° 54' E,n/a,http://scp.gov.iq/english
Iraq,Umm Qasr,IQ UQR,24° 54' N / 51° 35' E,n/a,http://scp.gov.iq/english
Ireland,Arklow,IE ARK,52° 48' N / 6° 9' W,[353] (40) 232-466,n/a
Ireland,Cork,IE ORK,51° 50' N / 8° 17' W,[353] (21) 427-3125,www.portofcork.ie
Ireland,Drogheda,IE DRO,53° 43' N / 6° 18' W,[353] (41) 983-8378,www.droghedaport.ie
Ireland,Dublin,IE DUB,53° 21' N / 6° 16' W,[353] (1) 887-6000,www.dublinport.ie
Ireland,Foynes (Shannon Foynes Port),IE FOV,52° 36' N / 9° 6' W,[353] (69) 73-100,www.sfpc.ie
Ireland,Galway,IE GWY,53° 16' N / 9° 3' W,[353] (91) 561-874,www.galwayharbour.com
Ireland,New Ross,IE NRS,52° 23' N / 6° 56' W,[353] (51) 421-303,n/a
Ireland,Waterford,IE WAT,52° 15' N / 7° 7' W,[353] (51) 874-908,n/a
Israel,Ashdod,IL ASH,31° 50' N / 34° 38' E,[972] 8851-7206,www.ashdodport.org.il
Israel,Ashkelon,IL AKL,31° 38' N / 34° 32' E,[972] (3) 744-1112,www.unishipping.co.il/ashkelon.html
Israel,Eilat,IL ETH,29° 32' N / 34° 57' E,n/a,http://www.eilatport.co.il/
Israel,Hadera,IL HAD,32° 28' N / 34° 53' E,[972] (4) 634-3034,n/a
Israel,Haifa,IL HFA,32° 49' N / 35° 0' E,[972] (4) 851-8752,www.haifaport.org.il
Italy,Augusta,IT AUG,37° 13' N / 15° 14' E,[39] 0931-524-080,www.harbours.net/augusta/
Italy,Bagnoli,IT BLN,40° 48' N / 14° 10' E,[39] 081-723-2272,n/a
Italy,Bari,IT BRI,41° 8' N / 16° 52' E,[39] 080-578-8511,www.aplevante.org
Italy,Brindisi,IT BDS,40° 39' N / 17° 56' E,[39] 0831-521-022,www.porto.br.it
Italy,Gela,IT GEA,37° 4' N / 14° 15' E,[39] 0933-917-755,www.harbours.net/gela
Italy,Genoa,IT GOA,44° 24' N / 8° 54' E,[39] 010-241-2793,www.porto.genova.it
Italy,La Spezia,IT SPE,44° 1' N / 9° 51' E,[39] 0187-546-320,www.porto.la-spezia.it
Italy,Livorno,IT LIV,43° 33' N / 10° 20' E,[39] 0586-249-411,www.portauthority.li.it
Italy,Messina,IT MSN,38° 11' N / 15° 34' E,[39] 090-679-991,www.harbours.net/messina
Italy,Milazzo,IT MLZ,38° 13' N / 15° 16' E,[39] 090-928-1110,www.harbours.net/milazzo
Italy,Napoli (Naples),IT NAP,40° 50' N / 14° 15' E,[39] 081-206-929,www.porto.napoli.it/en
Italy,Palermo,IT PMO,38° 7' N / 13° 20' E,[39] 091- 627-7111,www.autport.pa.it
Italy,Porto Torres,IT PTO,40° 51' N / 8° 24' E,[39] 079-502-258,n/a
Italy,Ravenna,IT RAN,44° 25' N / 12° 18' E,[39] 054-459-0222,www.port.ravenna.it
Italy,Sarroch (Porto Foxi),IT PFX,39° 5' N / 9° 2' E,[39] 070-900-057,n/a
Italy,Savona-Vado,IT SVN,44° 18' N / 8° 29' E,[39] 019-85541,www.porto.sv.it
Italy,Taranto,IT TAR,40° 29' N / 17° 13' E,[39] 099-471-1611,www.port.taranto.it
Italy,Trieste,IT TRS,45° 39' N / 13° 45' E,[39] 040-6731,www.porto.trieste.it
Italy,Venice,IT VCE,45° 26' N / 12° 20' E,[39] 041-533-4220,www.port.venice.it
Jamaica,Kingston,JM KIN,17° 59' N / 76° 50' W,[1] (876) 922-0290,www.portjam.com
Jamaica,Montego Bay,JM MBJ,18° 30' N / 77° 56' W,[1] (876) 979-8815,www.portjam.com
Jamaica,Ocho Rios,JM OCJ,18° 25' N / 18° 25' N,[1] (876) 974-5681,www.portjam.com
Jamaica,Port Antonio,JM POT,18° 12' N / 76° 27' W,[1] (876) 715-6044,www.portjam.com
Jamaica,Port Esquivel,JM PEV,17° 53' N / 77° 8' W,[1] (876) 525-2249,www.portjam.com
Jamaica,Rocky Point,JM ROP,17° 38' N / 77° 14' W,[1] (876) 986-2561,www.portjam.com
Japan,Akita,JP AXT,39° 45' N / 140° 3' E,[81] (18) 866-2164,www.city.akita.akita.jp/city/in/hb/port
Japan,Amagasaki,JP AMA,34° 42' N / 135° 24' E,[81] (78) 341-7711,
Japan,Chiba,JP CHB,35° 36' N / 140° 7' E,[81] (43) 246-6201,www.pref.chiba.jp/business/kowan/chibaport-e.html
Japan,Hachinohe,JP HHE,40° 33' N / 141° 33' E,[81] (17) 828-2105,n/a
Japan,"Hakodate, Hokkaido",JP HKD,41° 47' N / 140° 42' E,[81] (13) 821-3486,www.jptmk.com
Japan,Higashiharima,JP HHR,34° 43' N / 134° 45' E,[81] (78) 261-5111,www.kobelco.co.jp
Japan,Himeji,JP HIM,34° 47' N / 134° 41' E,[81] (78) 371-0450,n/a
Japan,Hiroshima,JP HIJ,34° 20' N / 132° 25' E,[81] (82) 228-2111,www.pref.hiroshima.lg.jp
Japan,Kawasaki,JP KWS,35° 32' N / 139° 46' E,[81] (44) 200-3071,www.city.kawasaki.jp/58/58yuuti/home/etop.html
Japan,Kinuura,JP KNU,34° 52' N / 136° 57' E,[81] (56) 921-2451,www.pref.aichi.jp/kensetsu-somu/kinuura-komu
Japan,Kobe,JP UKB,34° 40' N / 135° 12' E,[81] (78) 322-5670,www.city.kobe.jp/cityoffice/39/port/index_e.htm
Japan,"Kushiro, Hokkaido",JP KUH,42° 58' N / 144° 21' E,[81] (15) 453-3371,www.city.kushiro.hokkaido.jp/minato
Japan,Mizushima,JP MIZ,34° 31' N / 133° 45' E,[81] (860 444-7141,www.pref.okayama.jp/bichu/mizu/port.htm
Japan,Moji,JP MOJ,33° 57' N / 130° 58' E,[81] (93) 321-5941,www.japanwelcomesyou.com/cssweb/ports/port/html/kitakyushu.html
Japan,Nagoya,JP NGO,35° 5' N / 136° 53' E,[81] (52) 654-7840,www.port-of-nagoya.jp/english
Japan,Osaka,JP OSA,34° 39' N / 135° 26' E,[81] (6) 6615-7769,www.city.osaka.jp/port/
Japan,Sakai,JP SAK,34° 34' N / 135° 27' E,[81] (72) 238-5241,www.sakaiminato-faz.co.jp
Japan,Sakata,JP SKT,38'56' N / 139'48' E,[81] (23) 426-5633,www.port-of-sakata.jp
Japan,Shimizu,JP SMZ,35° 0' N / 138° 30' E,[81] (54) 354-0380,www.portofshimizu.com
Japan,Tokyo,JP TYO,35° 43' N / 139° 46' E,[81] (3) 5320-5549,www.kouwan.metro.tokyo.jp
Japan,"Tomakomai,Hokkaido",JP TMK,42° 35' N / 141° 35' E,[81] (14) 434-5559,www.jptmk.com
Japan,Yokohama,JP YOK,35° 27' N / 139° 39' E,[81] (45) 671-7188,www.city.yokohama.jp/port/index-e.html
Jordan,Aqaba (El Akaba),JO AQJ,29° 31' N / 35° 1' E,[962] (3) 201-4031,www.aqabaports.gov.jo
Kenya,Lamu,KE LAU,2° 17' S / 40° 54' E,[254] (41) 211-2999,www.kpa.co.ke
Kenya,Mombasa,KE MBA,4° 4' S / 39° 40' E,[254] (41) 211-2999,www.kpa.co.ke
Kiribati,Betio (Tarawa),KI TRW,1° 25' N / 172° 54' E,[686] 26-164,n/a
Korea (North),Chongjin,KP CHO,41° 46' N / 129° 49' E,n/a,n/a
Korea (North),Haeju,KP HAE,38° 0' N / 125° 42' E,n/a,n/a
Korea (North),Nampo,KP NAM,38° 44' N / 125° 25' E,n/a,n/a
Korea (North),Wonsan,KP WON,39° 10' N / 127° 26' E,n/a,n/a
Korea (South),Busan (Pusan),KR PUS,35° 5' N / 129° E,[82] (51) 999-3000,www.busanpa.com
Korea (South),Chinhae,KR CHF,35° 7' N / 128° 42' E,[82] (55) 245-0300,n/a
Korea (South),Inchon,KR INC,37° 28' N / 126° 37' E,[82] (32) 880-6114,www.portincheon.go.kr
Korea (South),Masan,KR MAS,35° 11' N / 128° 36' E,[82] (55) 245-0303,http://masan.mltm.go.kr
Korea (South),Mokpo,KR MOK,34° 46' N / 126° 23' E,[82] (61) 460-8114,www.mokpoport.com
Korea (South),Pohang,KR KPO,36° 2' N / 129° 26' E,[82] (54) 242-1812,www.ark.co.kr/information/asia/korea/Port-Asia-Unit-KoreaSouth_Pohang.htm
Korea (South),Tonghae,KR TGH,37° 30' N / 129° 9' E,[82] (33) 520-6000,http://donghae.mltm.go.kr
Korea (South),Ulsan,KR USN,35° 27' N / 129° 23' E,[82] (52) 228-5500,http://ulsan.mltm.go.kr/
Korea (South),Yosu (Yeosu),KR YOS,34° 44' N / 127° 45' E,[82] (61) 650-6000,www.worldportsource.com/ports/KOR_Port_of_Yeosu_1916.php
Kuwait,Mina al Ahmadi,KW MEA,29° 4' N / 48° 10' E,[995] 326-1558,www.kpa.gov.kw
Kuwait,Mina Saud,KW MIS,28° 45' N / 48° 24' E,[995] 395-0308,www.kpa.gov.kw
Kuwait,Shuwaikh,KW SWK,29° 21' N / 47° 56' E,[995] 481-9714,www.kpa.gov.kw
Latvia,Liepaja,LV LPX,56° 30' N / 21° 0' E,[371]342-7605,www.liepaja.lv/page.php?id=241
Latvia,Riga,SU RIX,56° 58' N / 24° 6' E,[371] 67-030-800,www.rop.lv
Latvia,Ventspils,LV VNT,57° 24' N / 21° 33' E,[371] 636-22586,www.portofventspils.lv
Lebanon,Beirut,LB BEY,33° 54' N / 35° 30' E,[961] (1) 580-211,www.portdebeyrouth.com
Lebanon,Chekka,LB CHK,34° 18' N / 35° 36' E,[961] (9) 212-164,n/a
Lebanon,Selaata,LB SEL,34° 17' N / 35° 40' E,[961] (9) 212-883,n/a
Lebanon,Sidon,LB SDN,33° 30' N / 35° 21' E,[961] (1) 446-189,http://ports.com/lebanon/port-of-sidonsaida
Lebanon,Tripoli,LB KYE,34° 28' N / 35° 49' E,[961] (1) 427-985,n/a
Liberia,Buchanan,LR UCN,5° 54' N / 10° 4' W,n/a,n/a
Liberia,Greenville,LR GRE,4° 59' N / 9° 3' W,n/a,n/a
Liberia,Monrovia,LR MLW,6° 20' N / 10° 50' W,[231] (2) 760-6006,www.nationalportauthorityliberia.org
Libya,Bingazi (Benghazi),LY BEN,32° 6' N / 20° 3' E,[218] (61) 909-2017,www.lpclibya.com/en/seaports.aspx
Libya,Derna,LY DNF,32° 46' N / 22° 39' E,[218] (81) 634-817,www.lpclibya.com/en/seaports.aspx
Libya,Marsa El Brega,LY LMQ,30° 25' N / 19° 34' E,[218] (21) 460-1487,www.lpclibya.com/en/seaports.aspx
Libya,Misurata (Qasr Ahmed),LY MRA,32° 22' N / 15° 13' E,[218] (51) 742-750,www.lpclibya.com/en/seaports.aspx
Libya,Ras Lanuf,LY RLA,30° 31' N / 18° 35' E,[218] (21) 333-0081,www.lpclibya.com/en/seaports.aspx
Libya,Tobruk,LY TOB,32° 4' N / 24° 0' E,[218] (87) 2196,www.lpclibya.com/en/seaports.aspx
Libya,Tripoli,LY TIP,32° 54' N / 13° 13' E,[218] (21) 334-7011,www.lpclibya.com/en/seaports.aspx
Libya,Zuara,LY ZUA,32° 55' N / 12° 7' E,[218] (25) 25-305,www.lpclibya.com/en/seaports.aspx
Lithuania,Klaipeda (includes sixsubports:),LT KLJ,55° 43' N / 21° 7' E,[370] 464-99-799,www.portofklaipeda.lt
Macau,"Macau (Macao, Aomen)",MOMFM,22° 12' N /113° 33' E,[853] 559922,n/a
Madagascar,Antsiranana (Diego Suarez),MG DIE,12° 13' S / 49° 19' E,[261] 32 070 7697,n/a
Madagascar,Majunga (Mahajanga),MG MJN,15° 43' S / 46° 20' E,[261] 4 22148,n/a
Madagascar,Toamasina (Tamatave),MG TOA,18° 8' S / 49° 22' E,[261] 5 32155,n/a
Madagascar,Tulear (Toliara),MG TLE,23° 21' S / 43° 40' E,n/a,n/a
Malaysia,"Bintulu, Sarawak",MY BTU,3° 16' N / 112° 59' E,[60] (86) 291-001,www.bpsb.com.my
Malaysia,"Kota Kinabalu, Sabah",MY BKI,5° 59' N / 116° 0' E,n/a,n/a
Malaysia,Kuantan (Tanjong Gelang),MY KUA,3° 58' N / 103° 26' E,[60] (9) 585-8000,www.lpktn.gov.my/
Malaysia,"Kuching, Sarawak",MY KCH,1° 34' N / 110° 21' E,[60] (82) 482-144,www.kpa.gov.my/it.htm
Malaysia,"Kudat, Sabah",MY KUD,6° 53' N / 116° 51' E,[60] (88) 611-261,www.portsworld.com/Ports/kudat.htm
Malaysia,"Labuan, Sabah",MY LBU,5° 17' N / 115° 15' E,[60] (87) 421-699,www.portsworld.com/Ports/labuanport.htm
Malaysia,"Lahad Datu, Sabah",MY LDU,5° 2' N / 118° 20' E,[60] (89) 881-244,www.portsworld.com/Ports/lahaddatu.htm
Malaysia,Lumut,MY LUM,4° 16' N / 100° 39' E,[60] (5) 688-9166,www.lumutport.com
Malaysia,"Miri, Sarawak",MY MYY,4° 26' N / 113° 55' E,[60] (85) 609-009,www.miriport.gov.my
Malaysia,"Pasir Gudang, Johor",MY PGU,1° 26' N / 103° 54' E,[60] (7) 253-5888,www.johorport.com.my
Malaysia,Penang (Georgetown),MY PEN,5° 25' N / 100° 21' E,n/a,www.penangport.com.my
Malaysia,Port Dickson,MY PDI,2° 31' N / 101° 47' E,[60] (6) 791-405,www.portsworld.com/Ports/portdickson.htm
Malaysia,Port Klang (Kelang),MY PKL,3° 0' N / 101° 24' E,[60] (3) 3168-8211,www.pka.gov.my
Malaysia,"Sandakan, Sabah",MY SDK,5° 50' N / 118° 7' E,[60] (89) 612-715,www.portsworld.com/Ports/sandakan.htm
Malaysia,"Sibu, Sarawak",MY SBW,2° 18' N / 111° 49' E,[60] (84) 319-004,www.rajangport.gov.my
Malaysia,"Tanjung Pelepas,Johor",MY TPP,1° 21' N / 103° 32' E,[60] (7) 504-2222,www.ptp.com.my
Malaysia,"Tawau, Sabah",MY TWU,4° 14' N / 117° 52' E,[60] (89) 773-700,www.etawau.com/HTML/Government/PortAuthority.htm
Malta,Valletta,MT MLA,35° 54' N / 014° 31',[356] 2122-2203,http://transport.gov.mt
Martinique,Fort de France,MQ FDF,14° 36' N / 61° 4' W,[596] 728-371,n/a
Mauritania,Nouadhibou,MR NDB,20° 49' N / 17° 3' W,[222] 574-5134,n/a
Mauritania,Nouakchott,MR NKC,18° 2' N / 16° 2' W,[222] 251-453,www.otal.com/mauritania/index.htm
Mauritius,Port Louis,MU PLU,20° 9' S / 57° 30' E,[230] 206-5400,www.mauport.com
Mexico,Acapulco,MX ACA,16° 51' N / 99° 56' W,[52] (55) 5629-8866,www.tmm.com.mx/esp/english/services/port/api
Mexico,Coatzacoalcos,MX COA,18° 8' N / 94° 25' W,[52] (921) 211-0270,www.apicoatza.com
Mexico,Guaymas,MX GYM,27° 55' N / 110° 53'W,[52] (622) 222-2250,www.puertodeguaymas.com
Mexico,La Paz,MX LAP,24° 10' N / 110° 19' W,[52] (612) 122-7777,n/a
Mexico,Lazaro Cardenas,MX LZC,17° 53' N / 102° 10' W,[52] (753) 533 07 00,www.puertolazarocardenas.com.mx
Mexico,Manzanillo,MX ZLO,19° 3' N / 104° 20' W,[52] (314) 331-1400,www.puertomanzanillo.com.mx
Mexico,Mazatlan,MX MZT,23° 11' N / 106° 26' W,[52] (669) 982-3019,www.apimazatlan.com.mx
Mexico,Progreso,MX PGO,21° 17' N / 89° 39' W,[52] (969) 934-3250,www.puertosyucatan.com
Mexico,Salina Cruz,MX SCX,16° 10' N / 95° 12' W,[52] (971) 717-3070,www.apisal.com.mx
Mexico,Tampico,MX TAM,22° 16' N / 97° 47' W,[52] (833) 241-1400,www.puertodetampico.com.mx
Mexico,Topolobampo,MX TPB,25° 36' N / 109° 3' W,[52] (668) 862-0494,http://ports.com/mexico/port-of-topolobampo
Mexico,Tuxpan,MX TUX,20° 57' N / 97° 24' W,[52] (783) 102-3030,http://ports.com/mexico/port-of-tuxpan
Mexico,Veracruz,MX VER,19° 12' N / 96° 8' W,[52] (229) 932-1319,http://puertodeveracruz.com.mx
Micronesia,Pohnpei (Ex Ponape),FM PNI,6° 55' N / 158° 10' E,[691] 320-2793,n/a
Monaco,Monaco,MC MON,43° 44' N / 7° 27' E,[377] (97) 77 30 20,www.ports-monaco.com/lang-en/le-port-hercule/11-le-port-hercule-en-
Montenegro,Bar,CS BAR,42° 5' N / 19° 3' E,n/a,www.lukabar.me/eng/Port_of_Bar.htm
Montenegro,Kotor,CS KOT,42° 27' N / 18° 36' E,[381] (82) 325-573,n/a
Montserrat,Plymouth,MS PLY,16° 42' N / 62° 13' W,[664] 491-2791,n/a
Morocco,Agadir,MA AGA,30° 26' N / 9° 38' W,[212] 4 884-2934,www.mtpnet.gov.ma/infrastructure/patrimoine/port/p_AGADIR.htm
Morocco,Casablanca,MA CAS,33° 36' N / 7° 37' W,[212] 2 223-2324,www.mtpnet.gov.ma/infrastructure/patrimoine/port/p_CASABLANCA.htm
Morocco,El Jadida,MA ELJ,33° 16' N / 33° 16' N,[212] 5 23 34 03 67,http://ma.kompass.com/profile_MA2214588_en/agence-nationale-des-ports-port-
Morocco,Kenitra,MA NNA,34° 16' N / 6° 35' W,[212] 3 737-2949,www.mtpnet.gov.ma/infrastructure/patrimoine/port/p_KENITRA.htm
Morocco,Mohammedia,MA MOH,33° 45' N / 7° 22' W,[212] 2 223-2324,www.mtpnet.gov.ma/infrastructure/patrimoine/port/p_MOHAMMEDIA.htm
Morocco,Safi,MA SFI,32° 19' N / 9° 12' W,[212] 4 446-2256,www.mtpnet.gov.ma/infrastructure/patrimoine/port/p_SAFI.htm
Morocco,Tangier,MA TNG,35° 47' N / 5° 48' W,[212] 3 993-6040,www.mtpnet.gov.ma/infrastructure/patrimoine/port/p_TANGER.htm
Mozambique,Beira,MZ BEW,19° 46' S / 34° 50' E,[258] 2332-2734,http://ports.co.za/beira.php
Mozambique,Inhambane,MZ INH,23° 52' S / 35° 23' E,[258] (21) 313-920,www.portmaputo.com
Mozambique,Maputo,MZ MPM,25° 58' S / 32° 34' E,[258] (21) 313-920,www.portmaputo.com
Mozambique,Nacala,MZ MNC,14° 32' S / 40° 40' E,[258] (26) 526-852,www.ports.co.za/nacala.php
Mozambique,Pemba,MZ POL,12° 57' S / 40° 30' E,[258] (26) 212-927,n/a
Mozambique,Quelimane,MZ UEL,17° 53' S / 36° 53' E,[258] (4) 212-994,n/a
Myanmar,Bassein,MM BSX,16° 45' N / 94° 43' E,[95] (1) 295-134,n/a
Myanmar,Moulmein,MM MNU,16° 29' N / 97° 37' E,[95] (1) 283-122,n/a
Myanmar,Yangon,MM RGN,16° 47' N / 96° 15' E,[95] (1) 283-122,n/a
Namibia,Luderitz,NA LUD,26° 39' S / 15° 9' E,[264] (63) 200-2017,www.namport.com.na
Namibia,Walvis Bay,NA WVB,22° 57' S / 14° 30' E,[264] (64) 208-2111,www.namport.com.na
Nauru,Nauru Island,NR INU,0° 32' S / 166° 55' E,[674] 555-4191,n/a
Netherlands,Amsterdam,NL AMS,52° 22' N / 4° 54' E,[31] (20) 523-4500,www.portofamsterdam.nl
Netherlands,Delfzijl,NL DZL,53° 20' N / 6° 56' E,[31] (59) 664-0400,www.groningen-seaports.com
Netherlands,Dordrecht,NL DOR,51° 49' N / 4° 40' E,[31] (78) 639-7878,n/a
Netherlands,Eemshaven,NL EEM,53° 27' N / 6° 50' E,[31] (59) 664-0400,www.groningen-seaports.com
Netherlands,Groningen,NL GRQ,53° 13' N / 6° 34' E,[31] (59) 664-0400,www.groningen-seaports.com
Netherlands,IJmuiden,NL IJM,52° 27' N / 4° 35' E,[31] (255) 54-7000,www.zeehaven.nl/jluk
Netherlands,Rotterdam,NL RTM,51° 55' N / 4° 24' E,[31] (10) 252-1010,www.portofrotterdam.com
Netherlands,Terneuzen,NL TNZ,51° 20' N / 3° 50' E,[31] (115) 64-7400,www.portofzeeland.com
Netherlands Antilles,"Kralendijk, Bonaire",AN KRA,12° 9' N / 68° 17' W,[[599] (7) 178-151,n/a
Netherlands Antilles,Philipsburg,AN PHI,18° 5' N / 63° 10' W,[599] (5) 222-307,n/a
Netherlands Antilles,Willemstad,AN WIL,12° 6' N / 68° 56' W,[599] (9) 434-5999,www.curports.com
New Caledonia,Noumea,NC NOU,22° 16' S / 166° 27' E,[687] 255-000,n/a
New Caledonia,Thio,NC THI,21° 37' S / 166° 15' E,[687] 245-454,n/a
New Zealand,Auckland Otago Harbour,NZ AKL,36° 51' S / 174° 45' E,[64] (9) 366-0055,www.poal.co.nz
New Zealand,"(Dunedin, Port Chalmers, Ravensbourne)",NZ ORR,45° 50' S / 170° 37' E,[64] (3) 472-7890,www.portotago.co.nz
New Zealand,Tauranga,NZ TRG,37° 39' S / 176° 11' E,[64] (7) 572-8899,www.port-tauranga.co.nz
New Zealand,Wellington,NZ WLG,41° 17' S / 174° 47' E,[64] (4) 495-3800,www.centreport.co.nz
Nicaragua,Bluefields,NI BEF,12° 1' N / 83° 45' W,n/a,n/a
Nicaragua,Corinto,NI CIO,12° 30' N / 87° 11' W,[505] 2266-3039,www.epn.com.ni
Nicaragua,El Bluff,NI ELB,12° 0' N / 83° 41' W,[505] 2266-3039,www.epn.com.ni
Nicaragua,Puerto Cabezas,NI PUZ,14° 1' N / 83° 23' W,[505] 2266-3039,www.epn.com.ni
Nicaragua,Puerto Sandino,NI PSN,12° 12' N / 86° 46' W,[505] 2266-3039,www.epn.com.ni
Nicaragua,San Juan Del Sur,NI SJS,11° 14' N / 85° 52' W,[505] 2266-3039,www.epn.com.ni
Nigeria,Calabar,NG CBQ,4° 58' N / 8° 19' E,[234] (87) 225-111,www.nigerianports.org/calabar.aspx
Nigeria,Lagos,NG LOS,6° 27' N / 3° 24' E,[234] 80 33931286,www.otal.com/nigeria/index.htm
Nigeria,Onne,NG ONN,4° 39' N / 7° 9' E,[234] (84) 820-464,www.nigerianports.org/AboutUsOnnePort.aspx
Nigeria,Port Harcourt,NG PHC,4° 46' N / 7° 0' E,[234] (84) 300-370,www.nigerianports.org/PortHarcourt.aspx
Nigeria,Sapele,NG SPL,5° 55' N / 5° 45' E,[234] (54) 42011,n/a
Nigeria,Tin Can Island,NG TIN,6° 25' N / 3° 18' E,n/a,www.nigerianports.org/AboutUsTinCanPort.aspx
Nigeria,Warri,NG WAR,5° 30' N / 5° 44' E,[234] (53) 254-173,n/a
Northern Mariana Islands,Saipan,MP SPN,15° 13' N / 145° 44' E,[1] (670) 664-3550,www.cpa.gov.mp
Norway,Bergen,NO BGO,60° 24' N / 5° 19' E,[47] (55) 568-950,www.bergenhavn.no
Norway,Drammen,NO DRM,59° 45' N / 10° 13' E,[47] (32) 208-650,www.drammenhavn.no
Norway,"Grenland Harbour (Rafnes, Heroya)",n/a,59° 8' N / 9° 39' E,[47](35) 931-000,www.port.of.grenland.com
Norway,Hammerfest,NO HFT,70° 40' N / 23° 40' E,[47] (78) 407-400,www.hammerfesthavn.no
Norway,Harstad,NO HRD,68° 48' N / 16° 39' E,[47] (77) 001-210,www.harstadhavn.no
Norway,Haugesund,NO HAU,59° 25' N / 5° 16' E,[47] (52) 703-750,n/a
Norway,Kristiansand,NO KRS,58° 9' N / 8° 0' E,[47] (38) 006-000,www.kristiansand-havn.no
Norway,Larvik,NO LAR,59° 3' N / 10° 2' E,[47] (33) 165-750,www.larvikhavn.vf.no
Norway,Oslo,NO OSL,59° 54' N / 10° 43' E,[47] (23) 492-600,www.ohv.oslo.no
Norway,Stavanger,NO SVG,58° 58' N / 5° 44' E,[47] (51) 501-200,www.stavanger-havn.no
Norway,Trondheim,NO TRD,63° 25' N / 10° 24' E,[47] (73) 991-700,n/a
Pakistan,Karachi,PK KHI,24° 49' N / 66° 59' E,[92] (21) 921-4350,www.kpt.gov.pk
Pakistan,Muhammad Bin Qasim,PK BQM,24° 46' N / 67° 21' E,[92] (21) 9927-2111,www.portqasim.org.pk
Panama,Colon,PA ONX,9° 22' N / 79° 55' W,n/a,www.ppc.com.pa
Panama,Cristobal,PA CTB,9° 21' N / 79° 55' W,[507]433-7900,www.ppc.com.pa
Panama,Vacamonte,PA VAC,8° 51' N / 79° 40' W,[507] 251-0111,n/a
Papua New Guinea,Kieta,PG KIE,6° 13' S / 155° 38' E,[675] 935-134,n/a
Papua New Guinea,Lae,PG LAE,6° 44' S / 146° 59' E,[675] 422-477,n/a
Papua New Guinea,Madang,PG MAG,5° 13' S / 145° 49' E,[675] 822-352,n/a
Papua New Guinea,Port Moresby,PG POM,9° 29' S / 147° 9' E,[675] 321-1637,www.pngports.com.pg/portmoresby.html
Papua New Guinea,Rabaul,PG RAB,4° 12' S / 152° 10' E,[675] 931-317,n/a
Peru,Callao,PE CLL,12° 3' S / 77° 10' W,[51] (1) 469-1010,www.enapu.com.pe
Peru,Chimbote,PE CHM,9° 5' S / 78° 37' W,[51] (43) 32-4239,www.enapu.com.pe
Peru,Ilo,PE ILO,17° 39' S / 71° 21' W,[51] (53) 481215,www.enapu.com.pe
Peru,Matarani,PE MRI,17° 0' S / 72° 7' W,[51] (54) 557-044,www.enapu.com.pe
Peru,Paita,PE PAI,5° 5' S / 81° 7' W,[51] (1) 465-4280,www.enapu.com.pe
Peru,Salaverry,PE SVY,8° 13' S / 78° 59' W,[51] (44) 437339,www.enapu.com.pe
Peru,Talara,PE TYL,4° 35' S / 81° 17' W,[51] (1) 442-9779,n/a
Philippines,Batangas,PH BTG,13° 45' N / 121° 3' E,[63] (43) 723-0164,www.ppa.com.ph
Philippines,"Cagayan de Oro, Mindanao",PH CGY,8° 30' N / 124° 39' E,[63] (88) 2272-2697,www.ppa.com.ph
Philippines,Cebu,PH CEB,10° 18' N / 123° 53' E,[63] (32) 232-1461,www.cpa.gov.ph
Philippines,"Davao, Mindanao",PH DVO,7° 4' N / 125° 38' E,[63] (82) 233-2081,www.ppa.com.ph
Philippines,"Iligan, Mindanao",PH IGN,8° 15' N / 124° 12' E,[63] (63) 221-1332,www.ppa.com.ph
Philippines,Iloilo,PH ILO,10° 41' N / 122° 35' E,[63] (33) 76-945,www.ppa.com.ph
Philippines,Jolo,PH JOL,6° 3' N / 121° 0' E,[63] (2) 899-9445,www.norteam.com.ph
Philippines,"Legaspi, Davao",PH LGP,13° 9' N / 123° 45' E,[63] (52) 482-0304,www.ppa.com.ph
Philippines,Manila,PH MNL,14° 35' N / 120° 58' E,[63] (2) 527-4844,www.ppa.com.ph
Philippines,"Puerto Princesa,Palawan",PH PPS,9° 44' N / 118° 43' E,[63] (85) 283-3181,www.ppa.com.ph
Philippines,"San Fernando, Luzon",PH SFE,16° 37' N / 120° 18' E,[63] (72) 415-956,www.ppa.com.ph
Philippines,Subic Bay,PH SFS,14° 49' N / 120° 18' E,[63] (47) 252-4000,www.sbma.com
Philippines,"Zamboanga, Mindanao",PH ZAM,6° 54' N / 122° 4' E,[63] (62) 991-2037,www.ppa.com.ph
Poland,Gdansk,PL GDN,54° 21' N / 18° 39' E,[48] (58) 737 91 00,www.portgdansk.pl
Poland,Gdynia,PL GDY,54° 32' N / 18° 34' E,[48] (58) 627-4036,www.port.gdynia.pl
Poland,Kolobrzeg,PL KOL,54° 11' N / 15° 34' E,[48] (94) 351-6765,n/a
Poland,Swinoujscie,PL SWI,53° 55' N / 14° 15' E,[48] (91) 32 77 200,www.phs.com.pl
Poland,Szczecin,PL SZZ,53° 25' N / 14° 32' E,[48] (91) 430-8220,www.portofszczecin.pl
Poland,Ustka,PL UST,54° 35' N / 16° 52' E,[48] (59) 144430,www.polfracht.pl/polfracht/psal/localinf/ust/portust.htm
Portugal,Aveiro,PT AVE,40° 39' N / 8° 45' W,[351] (23) 439-3300,www.portodeaveiro.pt
Portugal,Leixoes,PT LEI,41° 11' N / 8° 43' W,[351] (22) 999-0700,www.portodeleixoes.pt
Portugal,Lisbon,PT LIS,38° 42' N / 9° 6' W,[351] (21) 361-1000,www.porto-de-lisboa.pt
Portugal,Portimao,PT PRM,37° 6' N / 8° 32' W,[351] (282) 450-201,www.imarpor.pt
Portugal,Setubal,PT SET,38° 30' N / 8° 55' W,[351] (265) 542-000,www.portodesetubal.pt
Portugal,Viana Do Castelo,PT VDC,41° 41' N / 8° 48' W,[351] (258) 359-500,www.ipnorte.pt
Puerto Rico,Guanica Harbour,PR GUX,17° 57' N / 66° 54' W,[1] (787) 729-8804,www.prpa.gobierno.pr
Puerto Rico,Guayanilla,PR GUY,18° 0' N / 66° 46' W,[1] (787) 729-8804,www.prpa.gobierno.pr
Puerto Rico,Las Mareas,PR LAM,17° 55' N / 66° 10' W,[1] (787) 729-8804,www.prpa.gobierno.pr
Puerto Rico,Ponce,PR PSE,17° 58' N / 66° 37' W,[1] (787) 848-4992,www.prpa.gobierno.pr
Puerto Rico,San Juan,PR SJU,18° 28' N / 66° 7' W,[1] (787) 729-8804,www.prpa.gobierno.pr
Qatar,Doha,QA DOH,29° 23' N / 47° 48' E,[974] 445-7457,n/a
Qatar,Halul Island,QA HAL,25° 40' N / 52° 25' E,[974] 440-1446,n/a
Qatar,Ras Laffan,QA RLF,25° 56'N / 51° 37' E,[974] 440-2498,n/a
Qatar,Umm Said (Mesaieed),QA UMS,24° 54' N / 51° 34' E,[974] 477-0421,n/a
Reunion,Port Reunion (Pointe des Galets),RE PDG,20° 55' S / 55° 17' E,[262] 262-429-191,www.maritime-database.com/port.php?pid=795
Romania,Braila,RO BRA,45° 15' N / 27° 59' E,[40] (239) 611-551,www.romanian-ports.ro/html/porturi_mfbr_en.html
Romania,Constantza,RO CND,44° 10' N / 28° 39' E,[40] (241) 611-540,www.portofconstantza.com
Romania,Mangalia,RO MAG,43° 49' N / 28° 35' E,[40] (241) 611-540,www.portofconstantza.com
Romania,Sulina,RO SUL,45° 10' N / 29° 40' E,[40] (240) 543-243,n/a
Russia,Kaliningrad,SU KGD,54° 53' N / 20° 31' E,[7] (401) 257-9407,http://mapkld.ru/?lang=en
Russia,Kholmsk,RU KHO,47° 3' N / 142° 5' E,[7] (424) 335-0332,http://ports.com/russia/port-of-kholmsk
Russia,Murmansk,RU MMK,68° 57' N / 33° 10' E,[7] (8152) 48-0644,www.portmurmansk.ru
Russia,Nakhodka,RU NJK,42° 48' N / 132° 53' E,[7] (4236) 679-800,www.ncsp.ru
Russia,Novorossiysk,RU NVS,44° 43' N / 37° 47' E,[7] (861) 767-6402,www.nmtp.info/en
Russia,St Petersburg,RU LED,59° 53' N / 30° 13' E,[7] (812) 718-8951,www.pasp.ru
Russia,Tuapse,RU TUA,44° 6' N / 39° 4' E,[7] (812) 234-1151,www.ust-luga.ru
Russia,Vladivostok,RU VVO,43° 10' N / 132° 0' E,[7] (4232) 495-222,www.vmtp.ru
Russia,Vyborg,RU VYG,60° 42' N / 28° 44' E,[7] (812) 78 -859,www.vyborg.ru/org/baff/index.html
Saint Kitts and Nevis,Basseterre,KN BAS,17° 18' N / 62° 43' W,n/a,www.scaspa.com/cargo_port.asp
Saint Lucia,Castries (St Lucia),LC SLU,14° 1' N / 61° 0' W,[1] (758) 452-2866,www.slaspa.com
Saint Lucia,Vieux Fort,LC VIF,13° 43' N / 60° 58' W,[1] (758) 454-8742,n/a
Saint Vincent and the Grenadines,Kingstown,VC KTN,13° 9' N / 61° 14' W,[1] (784) 456-1830,http://ports.com/saint-vincent-and-the-grenadines/port-of-kingstown
Samoa,Apia,WS APW,13° 50' S / 171° 45' W,[685] 64-400,www.spasamoa.ws
Sao Tome and Principe,Santo Antonio,ST SAA,1° 39' N / 7° 27' E,n/a,n/a
Sao Tome and Principe,Sao Tome,ST TMS,0° 21' N / 6° 45' E,[239] 222 089,www.enaport.st
Saudi Arabia,Dammam,SA DMN,26° 30' N / 50° 12' E,[966] (3) 858-3199,www.ports.gov.sa
Saudi Arabia,Dhuba,SA DHU,27° 21' N / 35° 42' E,[966] (4) 432-1060,www.ports.gov.sa
Saudi Arabia,Gizan,SA GIZ,16° 54' N / 42° 29' E,[966] (7) 317-1000,www.ports.gov.sa
Saudi Arabia,Jeddah,SA JED,21° 28' N / 39° 10' E,[966] (2) 647-3334,www.ports.gov.sa
Saudi Arabia,Jubail,SA JUB,27° 4' N / 49° 40' E,[966] (3) 357-8000,www.ports.gov.sa
Saudi Arabia,Rabigh,SA RAB,22° 44' N / 38° 59' E,[966] (2) 425-2381,www.ports.gov.sa
Saudi Arabia,Ras al Mishab,SA RAM,28° 6' N / 48° 37' E,n/a,n/a
Saudi Arabia,Ras Tanura,SA RTA,26° 39' N / 50° 10' E,[966] (3) 673-4252,www.ports.gov.sa
Saudi Arabia,Yanbu,SA YNB,24° 5' N / 38° 3' E,[966] (4) 322-2100,www.ports.gov.sa
Senegal,Dakar,SN DKR,14° 40' N / 17° 26' W,[221] 849-4545,www.portdakar.sn
Seychelles,Port Victoria,SC POV,4° 37' S / 55° 28' E,[248] 224-701,n/a
Sierra Leone,Freetown,SL FNA,8° 30' N / 13° 14' W,[232] (22) 221-709,www.otal.com/sierra
Sierra Leone,Pepel,SL PEP,8° 34' N / 13° 3' W,[232] (22) 226-480,n/a
Singapore,Singapore,SG SIN,1° 16' N / 103° 50' E,[65] 6375-1600,www.mpa.gov.sg
Slovenia,Izola,SI IZO,45° 31' N / 13° 41' E,[386] (6) 663-443,n/a
Slovenia,Koper,SI KOP,45° 31' N / 13° 44' E,[386] (5) 663-2100,www.up.gov.si
Slovenia,Piran,SI PIR,45° 31' N / 13° 36' E,[386] (6) 673-676,www.up.gov.si
Solomon Islands,Honiara,SB HIR,9° 25' S / 159° 57' E,[677] 22646,http://ports.com/solomon-islands/port-of-honiara
Solomon Islands,"Noro, New Georgia",SB NOR,8° 13' S / 157° 12' E,[677] 22646,n/a
Solomon Islands,Viru Harbour,SB VIU,8° 30' S / 157° 43' E,[677] 39922,n/a
Solomon Islands,"Yandina, Pavuvu Island",SB XYA,9° 4' S / 159° 14' E,[677] 21779,n/a
Somalia,Berbera,SO BBO,10° 26' N / 45° 1' E,n/a,n/a
Somalia,Kismayu,SO KMU,0° 23' S / 42° 33' E,n/a,n/a
Somalia,Merca,SO MER,1° 43' N / 44° 46' E,n/a,n/a
Somalia,Mogadishu,SO MGQ,2° 1' N / 45° 21' E,[252] 5-922799,http://mogadishoport.com
South Africa,Cape Town,ZA CPT,33° 54' S / 18° 26' E,[27] (21) 449 3408,www.transnetnationalportsauthority.net
South Africa,Durban,ZA DUR,29° 53' S / 31° 2' E,[27] (31) 361-3755,www.transnetnationalportsauthority.net
South Africa,Mossel Bay,ZA MZY,34° 10' S / 22° 9' E,[27] (44) 604-6271,www.transnetnationalportsauthority.net
South Africa,Port Elizabeth,ZA PLZ,33° 57' S / 25° 39' E,[27] (41) 507-1885,www.transnetnationalportsauthority.net
South Africa,Richards Bay,ZA RCB,28° 48' S / 32° 2' E,[27] (351) 905-3203,www.transnetnationalportsauthority.net
South Africa,Saldanha Bay,ZA SDB,33° 2' S / 17° 58' E,[27] (22) 703-5302,www.transnetnationalportsauthority.net
Spain,Aviles,ES AVS,43° 35' N / 5° 56' W,[34] (98) 554-1111,n/a
Spain,Barcelona,ES BCN,41° 20' N / 2° 10' E,[34] (93) 298-6000,www.apb.es
Spain,Bilbao,ES BIO,43° 17' N / 2° 55' W,[34] (94) 487-1200,www.bilbaoport.es
Spain,Cadiz,ES CAD,36° 31' N / 6° 18' W,[34] (956) 240-400,www.puertocadiz.com
Spain,Cartagena,ES CAR,37° 37' N / 0° 59' W,[34] (968) 325-800,www.apc.es
Spain,Castellon,ES CAS,39° 58' N / 0° 1' W,[34] (964) 281-140,www.portcastello.com
Spain,Ceuta,ES CEU,35° 53' N / 5° 17' W,[34] (956) 205-023,www.puertodeceuta.com
Spain,Huelva,ES HUV,37° 16' N / 6° 55' W,[34] (959) 213-100,www.puertohuelva.com
Spain,Malaga,ES AGP,36° 43' N / 4° 25' W,[34] (95) 212-5000,www.puertomalaga.com
Spain,Pasajes,ES PAS,43° 20' N / 1° 56' W,[34] (943) 351-844,www.puertopasajes.net
Spain,Santander,ES SDR,43° 28' N / 3° 49' W,[34] (942) 203-600,www.puertosantander.es
Spain,Tarragona,ES TAR,41° 5' N / 1° 14' E,[34] (977) 259-407,www.porttarragona.es
Spain,Valencia,ES VLC,39° 27' N / 0° 18' W,[34] (96) 393-9500,www.valenciaport.com
Spain,Vigo,ES VGO,42° 14' N / 8° 42' W,[34] (986) 268-000,www.apvigo.com
Sri Lanka,Colombo,LK CMB,6° 56' N / 79° 50' E,[94] (11) 242-1231,www.slpa.lk
Sri Lanka,Jaffna,LK JAF,9° 40' N / 80° 1' E,[94] (11) 244-0651,www.slpa.lk
Sri Lanka,Trincomalee,LK TRR,8° 36' N / 81° 15' E,[94] (26) 222-1013,www.slpa.lk
St. Helena,Jamestown,SH SHN,15° 56' S / 5° 43' W,n/a,n/a
St. Pierre and Miquelon,St Pierre,PM FSP,46° 47' N / 56° 10' W,[508] 417-332,n/a
Sudan,Port Sudan,SD PZU,19° 37' N / 37° 14' E,n/a,n/a
Suriname,Moengo,SR MOJ,5° 39' N / 54° 25' W,[597] 476-733,www.mas.sr
Suriname,Nieuw Nickerie,SR ICK,5° 57' N / 56° 59' W,[597] 476-733,www.mas.sr
Suriname,Paramaribo,SR PBM,5° 59' N / 55° 9' W,[597] 476-733,www.mas.sr
Suriname,Paranam,SR PRM,5° 38' N / 55° 5' W,[597] 476-733,www.mas.sr
Suriname,Wageningen,SR AGI,5° 46' N / 56° 41' W,[597] 476-733,www.mas.sr
Sweden,Gavle,SE GVX,60° 41' N / 17° 11' E,[46] (26) 178-843,www.gavle-port.se
Sweden,Gothenburg (Goteborg),SE GOT,57° 42' N / 11° 57' E,[46] (31) 731-2000,www.portgot.se/
Sweden,Halmstad,SE HAD,56° 40' N / 12° 52' E,[46] (35) 155-300,www.halmstadharbour.se
Sweden,Kalmar,SE KLR,56° 40' N / 16° 20' E,[46] (480) 451-450,www.kalmar.se/kalmarhamn
Sweden,Karlshamn,SE KAN,56° 10' N / 14° 52' E,[46] (454) 305-000,www.karlshamnshamn.se
Sweden,Malmo,SE MMA,55° 37' N / 13° 0' E,[46] (40) 680-4100,www.cmport.com
Sweden,Solvesborg,SE SOL,56° 3' N / 14° 35' E,[46] (456) 42241,www.stuverihamn.se
Sweden,Stockholm,SE STO,59° 19' N / 18° 3' E,[46] (8) 670-2600,www.portsofstockholm.com
Sweden,Sundsvall,SE SDL,62° 25' N / 17° 20' E,[46] (60) 123-180,www.sundsvallshamn.se/
Switzerland,Basel,CH BSL,47° 33' N / 7° 34' E,[41] (61) 631-4545,http://port-of-switzerland.ch
Syria,Baniyas,SY BAN,35° 15' N / 35° 56' E,[963] (43) 711-300,n/a
Taiwan,Hualien,TW HUN,23° 59' N / 121° 38' E,[886] (3) 832-5131,www.hlhb.gov.tw/english/about.htm
Taiwan,Kaohsiung,TW KHH,22° 37' N / 120° 16' E,[886] (07) 562-2127,www.khb.gov.tw
Taiwan,Kaohsiung,TW KHH,22° 37' N / 120° 16' E,[886] (7) 571-1171,www.khb.gov.tw/english
Taiwan,Keelung (Chilung),TW KEL,25° 9' N / 121° 44' E,[886] (2) 2420-6106,www.klhb.gov.tw
Taiwan,Suao,TW SUO,24° 35' N / 121° 51' E,[886] (3) 997-2001,n/a
Taiwan,Taichung,TW TXG,24° 17' N / 120° 30' E,[886] (4) 2656-2611,www.tchb.gov.tw
Tanzania,Dar Es Salaam,TZ DAR,6° 50' S / 39° 17' E,[255] (22) 211-6250,www.tanzaniaports.com
Tanzania,Kilwa Masoko,TZ KIM,8° 56' S / 39° 31' E,[255] (22) 211-6250,www.tanzaniaports.com
Tanzania,Lindi,TZ LDI,10° 0' S / 39° 44' E,[255] (22) 211-6250,www.tanzaniaports.com
Tanzania,Mtwara,TZ MYW,10° 16' S / 40° 12' E,[255] (22) 211-6250,www.tanzaniaports.com
Tanzania,Pangani,TZ PAN,5° 27' S / 39° 0' E,[255] (22) 211-6250,www.tanzaniaports.com
Tanzania,Tanga,TZ TGT,5° 4' S / 39° 8' E,[255] (27) 211-6250,www.tanzaniaports.com
Thailand,Bangkok,TH BKK,13° 26' N / 100° 35' E,[66] (2) 233-1311,www.port.co.th
Thailand,Laem Chabang,TH LCH,13° 5' N / 100° 53' E,[66] (2) 234-1070,www.port.co.th
Thailand,Pattani,TH PAN,6° 57' N / 101° 18' E,[66] (2) 234-1070,www.port.co.th
Thailand,Phuket,TH HKT,7° 49' N / 98° 24' E,[66] (76) 391-157,www.port.co.th
Thailand,Sattahip,TH SAT,12° 35' N / 100° 55' E,[66] (38) 431-348,www.port.co.th
Thailand,Songkhla,TH SGZ,7° 14' N / 100° 35' E,[66] (74) 331-070,www.port.co.th
Thailand,Sriracha,TH SRI,13° 7' N / 100° 52' E,[66] (38) 773-069,www.port.co.th
Togo,Kpeme,TG KPE,6° 12' N / 1° 30' E,[228] 221-3901,n/a
Togo,Lome,TG LFW,6° 8' N / 1° 17' E,[228] 227-4742,www.togoport.tg
Tonga,Neiafu,TO NEI,18° 39' S / 173° 59' W,[676] (88) 70639,n/a
Tonga,Nukualofa,TO TBU,21° 8' S / 175° 11' W,[676] (87) 24470,n/a
Tonga,Pangai,TO PAN,19° 50' S / 174° 23' W,[676] (87) 22555,n/a
Trinidad and Tobago,Point Fortin,TT PTF,10° 12' N / 61° 42' W,[1] (868) 648-2916,n/a
Trinidad and Tobago,Point Lisas,TT PTS,10° 22' N / 61° 29' W,[1] (868) 636-2201,www.plipdeco.com
Trinidad and Tobago,Pointe a Pierre,TT PTP,10° 19' N / 61° 29' W,[1] (868) 624-2426,www.patnt.com
Trinidad and Tobago,Scarborough,TT SCA,11° 11' N / 60° 44' W,[1] (868) 624-2426,www.patnt.com
Trinidad and Tobago,Spain,TT POS,10° 39' N / 61° 32' W,[1] (868) 624-2426,www.patnt.com
Trinidad and Tobago,Tembladora,TT TEM,10° 14' N / 61° 36' W,[1] (868) 624-2426,www.patnt.com
Tunisia,Bizerte,TN BIZ,37° 17' N / 9° 54' E,[216] (71) 735-300,www.ommp.nat.tn
Tunisia,Gabes,TN GAE,33° 57' N / 10° 4' E,[216] (71) 735-300,www.ommp.nat.tn
Tunisia,La Goulette,TN LGN,36° 49' N / 10° 18' E,[216] (71) 735-300,www.ommp.nat.tn
Tunisia,Sfax,TN SFA,34° 44' N / 10° 46' E,[216] (71) 735-300,www.ommp.nat.tn
Tunisia,Sousse,TN SUS,35° 50' N / 10° 38' E,[216] (71) 735-300,www.ommp.nat.tn
Tunisia,Tunis,TN TUN,36° 49' N / 10° 15' E,[216] (71) 735-300,www.ommp.nat.tn
Turkey,Derince,TR DRC,40° 44' N / 29° 50' E,[90] (262) 223-1540,n/a
Turkey,Dikili,TR DIK,39° 0' N / 26° 50' E,[90] (232) 671-4400,http://ports.com/turkey/port-of-dikili
Turkey,Gemlik,TR GEM,40° 25' N / 29° 7' E,[90] (224) 524-8831,www.gemport.com.tr
Turkey,"Hopa, Artvin",TR HOP,42° 24' N / 41° 25' E,[90] (466) 351-2259,www.portfocus.com/turkey/hopa/index.html
Turkey,"Iskenderun, Hatay",TR ISK,36° 38' N / 36° 10' E,[90] (326) 614-0047,http://ports.com/turkey/port-of-iskenderun-isdemir
Turkey,Istanbul,TR IST,41° 1' N / 28° 59' E,[90] (216) 337-9988,www.nrlmry.navy.mil/~cannon/medports/Istanbul/index.html
Turkey,Trabzon,TR TZX,41° 1' N / 39° 46' E,[90] (462) 321-1156,http://portfocus.com/turkey/trabzon/index.html
Turks and Caicos Islands,Grand Turk Island,TC GDT,21° 26' N / 71° 8' W,[1] (649) 946-2970,n/a
Turks and Caicos Islands,Providenciales,TC PLS,21° 30' N / 72° 30' W,[1] (649) 946-4241,n/a
Tuvalu,Funafuti,TV FUN,8° 31' S / 179° 13' W,[688] 20725,n/a
Ukraine,Berdyansk,UA ERD,46° 45' N / 36° 48' E,[380] (61) 537-2210,n/a
Ukraine,Kherson,UA KHE,46° 37' N / 32° 37' E,[380] (55) 226-5085,www.ceebd.co.uk/ceebd/kherson.htm
Ukraine,Odessa,UA ODS,46° 30' N / 30° 46' E,[380] (48) 729-3661,www.port.odessa.ua
Ukraine,Reni,UA RNI,45° 26' N / 28° 18' E,[380] (48) 404-1484,http://www.portreni.com.ua
Ukraine,Sevastopol,UA SVP,44° 37' N / 33° 32' E,[380] (69) 2542979,www.morport.sebastopol.ua
United Arab Emirates,Ajman,AE AJM,25° 25' N / 55° 26' E,[971] (6) 747-0111,www.ajmanport.gov.ae
United Arab Emirates,Das Island,AE DAS,25° 9' N / 52° 52' E,[971] (2) 606-3404,n/a
United Arab Emirates,Dubai (Port Rashid),AE DXB,25° 15' N / 55° 16' E,[971] (4) 345-1545,n/a
United Arab Emirates,Fujairah,AE FJR,25° 10' N / 56° 21' E,[971] (9) 222-8800,n/a
United Arab Emirates,Jebel Dhanna/Ruwais,AE JEA,25° 0' N / 55° 3' E,[971] (2) 877-2089,n/a
United Arab Emirates,Khor Fakkan,AE KLF,25° 21' N / 56° 22' E,[971] (9) 238-5324,www.gulftainer.com
United Arab Emirates,Mina Saqr,AE MSA,25° 58' N / 56° 3' E,[971] (7) 266-8444,www.saqrport.com
United Arab Emirates,Mina Zayed,AE MZD,24° 32' N / 54° 23' E,[971] (2) 673-0600,n/a
United Kingdom,Aberdeen,GB ABD,57° 8' N / 2° 4' W,[44] (1224) 597-000,http://www.aberdeen-harbour.co.uk
United Kingdom,Belfast,GB BEL,54° 36' N / 5° 56' W,[44] (28) 9055-4422,www.belfast-harbour.co.uk
United Kingdom,Bristol,GB BRS,51° 30' N / 2° 43' W,[44] (117) 982-0000,www.bristolport.co.uk
United Kingdom,Dover,GB DVR,51° 7' N / 1° 18' E,[44] (1304) 240-400,www.doverport.co.uk
United Kingdom,Falmouth,GB FAL,50° 9' N / 5° 4' W,[44] (1326) 312-285,www.falmouthport.co.uk
United Kingdom,Felixstowe,GB FXT,51° 57' N / 1° 21' E,[44] (1394) 604-500,www.portoffelixstowe.co.uk
United Kingdom,Glasgow,GB GLW,55° 52' N / 4° 21' W,[44] (141) 221-8733,www.clydeport.co.uk
United Kingdom,Grangemouth,GB GRG,56° 1' N / 3° 43' W,[44] (1324) 482-591,n/a
United Kingdom,Hull,GB HUL,53° 44' N / 0° 14' W,[44] (1482) 327-171,www.abports.co.uk
United Kingdom,Leith,GB LEI,55° 59' N / 3° 10' W,[44] (131) 555 8750,www.forthports.co.uk
United Kingdom,Liverpool,GB LIV,53° 28' N / 3° 2' W,[44] (151) 949-6000,www.portofliverpool.co.uk
United Kingdom,London,GB LON,51° 30' N / 0° 5' W,[44] (20) 7743 7900,www.portoflondon.co.uk
United Kingdom,Manchester,GB MNC,53° 29' N / 2° 14' W,[44] (1928) 567-465,www.shipcanal.co.uk
United Kingdom,Peterhead Bay,GB PHD,57° 30' N / 1° 47' W,[44] (1779) 474-020,www.peterheadport.co.uk
United Kingdom,Plymouth,GB PLY,50° 22' N / 4° 9' W,[44] (1752) 662-191,www.plymouthport.org.uk
United Kingdom,Portsmouth,GB PME,50° 48' N / 1° 7' W,[44] (23) 9229-7391,www.portsmouth-port.co.uk
United Kingdom,Scapa Flow,GB SFW,58° 53' N / 3° 5' W,[44] (1856) 873-636,www.orkney.gov.uk
United Kingdom,Southampton,GB SOU,50° 54' N / 1° 24' W,[44] (23) 8033-8100,www.abpmer.co.uk
United Kingdom,Sullom Voe,GB SUL,60° 27' N / 1° 17' W,[44] (1806) 242-551,www.shetland.gov.uk/pandharb/mo3frames.htm
United Kingdom,Teesport,GB TEE,54° 39' N / 1° 8' W,[44] (1642) 877-000,www.thpal.co.uk
United Kingdom,Thamesport,GB RCS,51° 26' N / 0° 42' W,[44] (1634) 271-511,www.londonthamesport.co.uk
United Kingdom,Tyne,GB TYN,55° 1' N / 1° 24' W,[44] (191) 455-2671,www.portoftyne.co.uk
United States,Anacortes,US AOT,48° 31' N / 122° 36' W,[1] (360) 293-3134,www.portofanacortes.com
United States,Ashtabula,US ASF,41° 54' N / 80° 48' W,[1] (440) 964-7047,www.ashtabulacityport.com
United States,Baltimore,US BAL,39° 17' N / 76° 35' W,[1] (410) 385-4401,www.mpa.maryland.gov
United States,Baton Rouge,US BTR,30° 28' N / 91° 12' W,[1] (225) 342-1660,www.portgbr.com
United States,Beaumont,US BPT,30° 5' N / 94° 5' W,[1] (409) 835-5367,www.portofbeaumont.com
United States,Boston,US BOS,42° 21' N / 71° 5' W,[1] (617) 946-4413,www.massport.com/port-of-boston
United States,Charleston,US CHS,32° 47' N / 79° 56' W,[1] (843) 557-8600,www.scspa.com
United States,Chicago,US CHI,41° 50' N / 87° 38' W,[1] (773) 646-4400,www.illinoisinternationalportdistrict.com
United States,Cleveland,US CLE,41° 31' N / 81° 43' W,[1] (216) 241-8004,www.portofcleveland.com
United States,Corpus Christi,US CRP,27° 48' N / 97° 23' W,[1] (361) 882-5633,www.portofcorpuschristi.com
United States,Detroit,US DET,42° 20' N / 83° 2' W,[1] (313) 331-3842,www.portdetroit.com
United States,Duluth-Superior,US DLH,46° 44' N / 92° 6' W,[1] (218) 727-8525,www.duluthport.com
United States,Freeport,US FRP,28° 57' N / 95° 21' W,[1] (979) 233-2667,n/a
United States,"Hampton Roads (Norfolk, Chesapeake)",US HNV,36° 59' N / 76° 26' W,[1] (757) 683-8000,www.vaports.com
United States,Honolulu,US HNL,21° 19' N / 157° 52' W,[1] (808) 587-1927,www.hawaii.gov/dot
United States,Houston,US HOU,29° 45' N / 95° 20' W,[1] (713) 670-2400,www.portofhouston.com
United States,Huntington - Tri-State (WV),US HTS,38° 36' N / 95° 20' W,[1] (606) 931-0995,www.huntingtonwaterways.com/
United States,Jacksonville,US JAX,30° 20' N / 81° 40' W,[1] (904) 357-3000,www.jaxport.com
United States,Lake Charles,US LCH,30° 13' N / 93° 15' W,[1] (337) 439-3661,www.portlc.com
United States,Long Beach,US LGB,33° 76 N / 118° 21',[1] (562) 437-0041,www.polb.com
United States,Los Angeles,US LAX,33° 43' N / 82° 55' W,[1] (310) 732-3400,www.portoflosangeles.org
United States,Manatee,US MEE,27° 32' N / 82° 34' W,[1] (941) 722-6621,www.portmanatee.com
United States,Memphis,US MEM,35° 04' N / 90° 10' W,[1] (901) 948-4422,www.portofmemphis.com
United States,Miami,US MIA,25° 46' N / 80° 10' W,[1] (305) 347-4800,www.miamidade.gov/portofmiami
United States,Mobile,US MOB,30° 40' N / 88° 2' W,[1] (251) 441-7100,www.asdd.com
United States,New Orleans,US,29° 57' N / 90° 4' W,[1] (504) 528-3203,www.portno.com
United States,New York/New Jersey,US NYC,40° 43' N / 74° 0' W,[1] (212) 435-4218,www.panynj.gov
United States,Oakland,US OAK,37° 50' N / 122° 18' W,[1] (510) 627-1339,www.portofoakland.com
United States,Pascagoula,US PGL,30° 21' N / 88° 34' W,[1] (228) 762-4041,www.portofpascagoula.com
United States,Philadelphia,US PHL,39° 57' N / 75° 10' W,[1] (215) 426-2600,www.philaport.com
United States,Pittsburgh,US PIT,44° 45' N / 80° W,[1] (412) 201-7330,www.port.pittsburgh.pa.us
United States,Plaquemines (Louisiana),US PLQ,30 13' N / 91 18' W,[1] (504) 682-2488,www.lded.state.la.us
United States,Port Arthur,US POA,28° 52' N / 93° 56' W,[1] (409) 983-2011,www.portofportarthur.com
United States,Port Everglades,US PEF,26° 5' N / 80° 5' W,[1] (954) 523-3404,www.porteverglades.net
United States,Portland (Maine),US PWM,43° 39' N / 70° 14' W,[1] (207) 874-8892,www.portofportlandmaine.org
United States,Portland (Oregon),US PDX,45° 30' N / 122° 40' W,[1] (503) 944-7544,www.portofportland.com
United States,Richmond (CA),US RCH,37° 56' N / 122° 25' W,[1] (510) 215-4600,www.ci.richmond.ca.us
United States,Richmond (VA),US RIC,37° 27' N / 77° 25' W,[1] (804) 646-2020,www.portofrichmond.com
United States,Savannah,US SAV,32° 2' N / 81° 7' W,[1] (912) 964-3874,www.gaports.com
United States,Seattle,US SEA,47° 36' N / 122° 20' W,[1] (206) 728-3015,www.portseattle.org
United States,South Louisiana,US LUA,30° 00' N / 90° 30' W,[1] (985) 652-9278,www.portsl.com
United States,Tacoma,US ACI,47° 14' N / 122° 28' W,[1] (253) 383-5841,www.portoftacoma.com
United States,Tampa,US TPA,27° 57' N / 82° 28' W,[1] (813) 905-7678,www.tampaport.com
United States,Texas City,US TXT,29° 22' N / 94° 53' W,[1] (409) 945-4461,www.railporttc.com
United States,Valdez,US VDZ,61° 7' N / 146° 21' W,[1] (907) 835-4564,www.ci.valdez.ak.us/port
United States,Wilmington (DE),US ILM,39° 45' N / 75° 30' W,[1] (302) 472-7802,www.portofwilmingtonde.com
United States,Wilmington (NC),US ILG,34° 14' N / 77° 57' W,[1] (910) 763-1621,www.ncports.com
United States,Yakutat,US YAK,59° 29' N / 139° 49' W,[1] (907) 784-3323,n/a
Uruguay,Fray Bentos,UY FZB,33° 6' S / 58° 19' W,[598] (2) 916-4747,www.anp.com.uy/fraybentos/default.asp
Uruguay,Montevideo,UY MVD,34° 55' S / 56° 13' W,[598] (2) 916-4747,www.anp.com.uy/montevideo/default.asp
Uruguay,Nueva Palmira,UY NVP,33° 52' S / 58° 20' W,[598] (2) 916-4747,www.anp.com.uy/nuevapalmira/default.asp
Uruguay,Paysandu,UY PDU,32° 18' S / 58° 6' W,[598] 722-3154,www.anp.com.uy/paysandu/default.asp
Vanuatu,Port Vila,VU VLI,17° 45' S / 168° 18' E,[678] 22339,n/a
Vanuatu,Santo,VU SAN,15° 31' S / 167° 11' E,[678] 36033,www.sofrana.com
Venezuela,Bajo Grande Refinery,VE BJV,10° 31' N / 71° 36' W,[58] (264) 719-092,www.seaport.com.ve/ports.asp
Venezuela,Cumana (Puerto Sucre),VE CUM,10° 28' N / 64° 7' W,[58] (293) 64455,www.seaport.com.ve/ports.asp